-- phpMyAdmin SQL Dump
-- version 5.2.1
-- https://www.phpmyadmin.net/
--
-- Host: 127.0.0.1:3306
-- Generation Time: Feb 26, 2025 at 09:52 AM
-- Server version: 11.5.2-MariaDB
-- PHP Version: 8.3.14

SET SQL_MODE = "NO_AUTO_VALUE_ON_ZERO";
START TRANSACTION;
SET time_zone = "+00:00";


/*!40101 SET @OLD_CHARACTER_SET_CLIENT=@@CHARACTER_SET_CLIENT */;
/*!40101 SET @OLD_CHARACTER_SET_RESULTS=@@CHARACTER_SET_RESULTS */;
/*!40101 SET @OLD_COLLATION_CONNECTION=@@COLLATION_CONNECTION */;
/*!40101 SET NAMES utf8mb4 */;

--
-- Database: `class_scheduler`
--

-- --------------------------------------------------------

--
-- Table structure for table `rooms`
--

DROP TABLE IF EXISTS `rooms`;
CREATE TABLE IF NOT EXISTS `rooms` (
  `room_id` varchar(10) NOT NULL,
  `room_name` varchar(50) DEFAULT NULL,
  `capacity` int(11) DEFAULT NULL,
  PRIMARY KEY (`room_id`)
) ENGINE=MyISAM DEFAULT CHARSET=utf8mb4 COLLATE=utf8mb4_general_ci;

--
-- Dumping data for table `rooms`
--

INSERT INTO `rooms` (`room_id`, `room_name`, `capacity`) VALUES
('R020', 'Room 120', 40),
('R019', 'Room 119', 30),
('R018', 'Room 118', 50),
('R017', 'Room 117', 40),
('R016', 'Room 116', 30),
('R015', 'Room 115', 50),
('R014', 'Room 114', 40),
('R013', 'Room 113', 30),
('R012', 'Room 112', 50),
('R011', 'Room 111', 40),
('R010', 'Room 110', 30),
('R009', 'Room 109', 50),
('R008', 'Room 108', 40),
('R007', 'Room 107', 30),
('R006', 'Room 106', 50),
('R005', 'Room 105', 40),
('R004', 'Room 104', 30),
('R003', 'Room 103', 50),
('R002', 'Room 102', 40),
('R001', 'Room 101', 30),
('R021', 'Room 121', 50),
('R022', 'Room 122', 30),
('R023', 'Room 123', 40),
('R024', 'Room 124', 50),
('R025', 'Room 125', 30),
('R026', 'Room 126', 40),
('R027', 'Room 127', 50),
('R028', 'Room 128', 30),
('R029', 'Room 129', 40),
('R030', 'Room 130', 50),
('R031', 'Room 131', 30),
('R032', 'Room 132', 40),
('R033', 'Room 133', 50),
('R034', 'Room 134', 30),
('R035', 'Room 135', 40),
('R036', 'Room 136', 50),
('R037', 'Room 137', 30),
('R038', 'Room 138', 40),
('R039', 'Room 139', 50),
('R040', 'Room 140', 30),
('R041', 'Room 141', 40),
('R042', 'Room 142', 50),
('R043', 'Room 143', 30),
('R044', 'Room 144', 40),
('R045', 'Room 145', 50),
('R046', 'Room 146', 30),
('R047', 'Room 147', 40),
('R048', 'Room 148', 50),
('R049', 'Room 149', 30),
('R050', 'Room 150', 40),
('R151', 'Room 151', 30),
('R152', 'Room 152', 40),
('R153', 'Room 153', 50),
('R154', 'Room 154', 30),
('R155', 'Room 155', 40),
('R156', 'Room 156', 50),
('R157', 'Room 157', 30),
('R158', 'Room 158', 40),
('R159', 'Room 159', 50),
('R160', 'Room 160', 30),
('R161', 'Room 161', 40),
('R162', 'Room 162', 50),
('R163', 'Room 163', 30),
('R164', 'Room 164', 40),
('R165', 'Room 165', 50),
('R166', 'Room 166', 30),
('R167', 'Room 167', 40),
('R168', 'Room 168', 50),
('R169', 'Room 169', 30),
('R170', 'Room 170', 40),
('R171', 'Room 171', 50),
('R172', 'Room 172', 30),
('R173', 'Room 173', 40),
('R174', 'Room 174', 50),
('R175', 'Room 175', 30),
('R176', 'Room 176', 40),
('R177', 'Room 177', 50),
('R178', 'Room 178', 30),
('R179', 'Room 179', 40),
('R180', 'Room 180', 50),
('R181', 'Room 181', 30),
('R182', 'Room 182', 40),
('R183', 'Room 183', 50),
('R184', 'Room 184', 30),
('R185', 'Room 185', 40),
('R186', 'Room 186', 50),
('R187', 'Room 187', 30),
('R188', 'Room 188', 40),
('R189', 'Room 189', 50),
('R190', 'Room 190', 30),
('R191', 'Room 191', 40),
('R192', 'Room 192', 50),
('R193', 'Room 193', 30),
('R194', 'Room 194', 40),
('R195', 'Room 195', 50),
('R196', 'Room 196', 30),
('R197', 'Room 197', 40),
('R198', 'Room 198', 50),
('R199', 'Room 199', 30),
('R200', 'Room 200', 40),
('R201', 'Room 201', 50),
('R202', 'Room 202', 30),
('R203', 'Room 203', 40),
('R204', 'Room 204', 50),
('R205', 'Room 205', 30),
('R206', 'Room 206', 40),
('R207', 'Room 207', 50),
('R208', 'Room 208', 30),
('R209', 'Room 209', 40),
('R210', 'Room 210', 50),
('R211', 'Room 211', 30),
('R212', 'Room 212', 40),
('R213', 'Room 213', 50),
('R214', 'Room 214', 30),
('R215', 'Room 215', 40),
('R216', 'Room 216', 50),
('R217', 'Room 217', 30),
('R218', 'Room 218', 40),
('R219', 'Room 219', 50),
('R220', 'Room 220', 30),
('R221', 'Room 221', 40),
('R222', 'Room 222', 50),
('R223', 'Room 223', 30),
('R224', 'Room 224', 40),
('R225', 'Room 225', 50),
('R226', 'Room 226', 30),
('R227', 'Room 227', 40),
('R228', 'Room 228', 50),
('R229', 'Room 229', 30),
('R230', 'Room 230', 40),
('R231', 'Room 231', 50),
('R232', 'Room 232', 30),
('R233', 'Room 233', 40),
('R234', 'Room 234', 50),
('R235', 'Room 235', 30),
('R236', 'Room 236', 40),
('R237', 'Room 237', 50),
('R238', 'Room 238', 30),
('R239', 'Room 239', 40),
('R240', 'Room 240', 50),
('R241', 'Room 241', 30),
('R242', 'Room 242', 40),
('R243', 'Room 243', 50),
('R244', 'Room 244', 30),
('R245', 'Room 245', 40),
('R246', 'Room 246', 50),
('R247', 'Room 247', 30),
('R248', 'Room 248', 40),
('R249', 'Room 249', 50),
('R250', 'Room 250', 30);

-- --------------------------------------------------------

--
-- Table structure for table `schedule`
--

DROP TABLE IF EXISTS `schedule`;
CREATE TABLE IF NOT EXISTS `schedule` (
  `id` int(255) NOT NULL AUTO_INCREMENT,
  `subject_code` varchar(10) DEFAULT NULL,
  `teacher_name` varchar(100) DEFAULT NULL,
  `room_name` varchar(50) DEFAULT NULL,
  `day` varchar(10) DEFAULT NULL,
  `start_time` time DEFAULT NULL,
  `end_time` time DEFAULT NULL,
  PRIMARY KEY (`id`),
  KEY `fk_subject_code` (`subject_code`),
  KEY `fk_teacher_name` (`teacher_name`),
  KEY `fk_room_name` (`room_name`)
) ENGINE=MyISAM AUTO_INCREMENT=1636 DEFAULT CHARSET=utf8mb4 COLLATE=utf8mb4_general_ci;

--
-- Dumping data for table `schedule`
--

INSERT INTO `schedule` (`id`, `subject_code`, `teacher_name`, `room_name`, `day`, `start_time`, `end_time`) VALUES
(1091, '1', 'Esquilona', 'Room 135', 'Tuesday', '09:30:00', '10:00:00'),
(1092, '1', 'Esquilona', 'Room 104', 'Friday', '09:30:00', '10:30:00'),
(1093, '1', 'Esquilona', 'Room 151', 'Tuesday', '10:30:00', '11:00:00'),
(1094, '2', 'Fernando', 'Room 129', 'Saturday', '09:30:00', '10:00:00'),
(1095, '2', 'Fernando', 'Room 216', 'Saturday', '10:00:00', '11:00:00'),
(1096, '2', 'Fernando', 'Room 155', 'Saturday', '07:30:00', '08:30:00'),
(1097, '2', 'Fernando', 'Room 146', 'Monday', '13:00:00', '14:00:00'),
(1098, '3', 'Bartolome', 'Room 187', 'Saturday', '16:00:00', '17:00:00'),
(1099, '3', 'Bartolome', 'Room 186', 'Thursday', '14:00:00', '15:00:00'),
(1100, '3', 'Bartolome', 'Room 132', 'Thursday', '10:30:00', '11:00:00'),
(1101, '3', 'Bartolome', 'Room 176', 'Wednesday', '07:30:00', '08:30:00'),
(1102, '4', 'Gumabon', 'Room 232', 'Tuesday', '10:00:00', '11:00:00'),
(1103, '4', 'Gumabon', 'Room 127', 'Friday', '15:00:00', '16:00:00'),
(1104, '4', 'Gumabon', 'Room 164', 'Wednesday', '11:00:00', '12:00:00'),
(1105, '4', 'Gumabon', 'Room 122', 'Saturday', '07:30:00', '08:30:00'),
(1106, '5', 'Royeca', 'Room 239', 'Wednesday', '10:00:00', '11:00:00'),
(1107, '5', 'Royeca', 'Room 107', 'Tuesday', '14:00:00', '15:00:00'),
(1108, '5', 'Royeca', 'Room 183', 'Wednesday', '10:30:00', '11:00:00'),
(1109, '6', 'Morales', 'Room 242', 'Friday', '09:30:00', '10:30:00'),
(1110, '6', 'Morales', 'Room 232', 'Thursday', '11:00:00', '12:00:00'),
(1111, '6', 'Morales', 'Room 182', 'Monday', '07:30:00', '08:30:00'),
(1112, '7', 'Millano', 'Room 163', 'Tuesday', '09:30:00', '10:30:00'),
(1113, '7', 'Millano', 'Room 130', 'Tuesday', '10:00:00', '11:00:00'),
(1114, '7', 'Millano', 'Room 117', 'Thursday', '13:00:00', '14:00:00'),
(1115, '8', 'Alde', 'Room 118', 'Wednesday', '13:00:00', '14:00:00'),
(1116, '8', 'Alde', 'Room 128', 'Monday', '12:00:00', '13:00:00'),
(1117, '9', 'Fernando', 'Room 134', 'Tuesday', '14:00:00', '15:00:00'),
(1118, '9', 'Fernando', 'Room 115', 'Friday', '16:00:00', '17:00:00'),
(1119, '9', 'Fernando', 'Room 237', 'Saturday', '07:30:00', '08:30:00'),
(1120, '10', 'Ignacio', 'Room 238', 'Monday', '11:00:00', '12:00:00'),
(1121, '10', 'Ignacio', 'Room 236', 'Tuesday', '10:00:00', '11:00:00'),
(1122, '10', 'Ignacio', 'Room 103', 'Saturday', '08:30:00', '09:30:00'),
(1123, '11', 'Ramirez', 'Room 161', 'Thursday', '09:30:00', '10:30:00'),
(1124, '11', 'Ramirez', 'Room 127', 'Thursday', '08:30:00', '09:30:00'),
(1125, '11', 'Ramirez', 'Room 160', 'Monday', '14:00:00', '15:00:00'),
(1126, '12', 'Orolaza', 'Room 206', 'Thursday', '07:30:00', '08:30:00'),
(1127, '12', 'Orolaza', 'Room 126', 'Saturday', '14:00:00', '15:00:00'),
(1128, '12', 'Orolaza', 'Room 246', 'Thursday', '16:00:00', '17:00:00'),
(1129, '13', 'Maniba', 'Room 163', 'Saturday', '15:00:00', '16:00:00'),
(1130, '13', 'Maniba', 'Room 223', 'Tuesday', '12:00:00', '13:00:00'),
(1131, '13', 'Maniba', 'Room 205', 'Thursday', '14:00:00', '15:00:00'),
(1132, '14', 'Bartolome', 'Room 153', 'Saturday', '11:00:00', '12:00:00'),
(1133, '14', 'Bartolome', 'Room 235', 'Wednesday', '13:00:00', '14:00:00'),
(1134, '14', 'Bartolome', 'Room 141', 'Tuesday', '09:30:00', '10:30:00'),
(1135, '15', 'Gumabon', 'Room 106', 'Wednesday', '10:30:00', '11:00:00'),
(1136, '15', 'Gumabon', 'Room 234', 'Tuesday', '14:00:00', '15:00:00'),
(1137, '15', 'Gumabon', 'Room 221', 'Friday', '10:00:00', '11:00:00'),
(1138, '16', 'Royeca', 'Room 234', 'Monday', '14:00:00', '15:00:00'),
(1139, '16', 'Royeca', 'Room 102', 'Monday', '08:30:00', '09:30:00'),
(1140, '17', 'Morales', 'Room 149', 'Friday', '07:30:00', '08:30:00'),
(1141, '17', 'Morales', 'Room 245', 'Wednesday', '14:00:00', '15:00:00'),
(1142, '17', 'Morales', 'Room 214', 'Saturday', '16:00:00', '17:00:00'),
(1143, '18', 'Millano', 'Room 147', 'Tuesday', '07:30:00', '08:30:00'),
(1144, '18', 'Millano', 'Room 144', 'Monday', '10:30:00', '11:00:00'),
(1145, '18', 'Millano', 'Room 166', 'Friday', '12:00:00', '13:00:00'),
(1146, '19', 'Alde', 'Room 236', 'Thursday', '14:00:00', '15:00:00'),
(1147, '19', 'Alde', 'Room 180', 'Tuesday', '09:30:00', '10:00:00'),
(1148, '19', 'Alde', 'Room 238', 'Thursday', '12:00:00', '13:00:00'),
(1149, '20', 'Acebes', 'Room 236', 'Thursday', '07:30:00', '08:30:00'),
(1150, '20', 'Acebes', 'Room 158', 'Thursday', '15:00:00', '16:00:00'),
(1151, '20', 'Acebes', 'Room 191', 'Monday', '08:30:00', '09:30:00'),
(1152, '21', 'Paulo', 'Room 229', 'Wednesday', '07:30:00', '08:30:00'),
(1153, '21', 'Paulo', 'Room 218', 'Friday', '08:30:00', '09:30:00'),
(1154, '21', 'Paulo', 'Room 145', 'Friday', '15:00:00', '16:00:00'),
(1155, '22', 'Ballesteros', 'Room 172', 'Tuesday', '10:00:00', '11:00:00'),
(1156, '22', 'Ballesteros', 'Room 175', 'Thursday', '14:00:00', '15:00:00'),
(1157, '22', 'Ballesteros', 'Room 124', 'Thursday', '16:00:00', '17:00:00'),
(1158, '23', 'Dela Cruz', 'Room 111', 'Monday', '11:00:00', '12:00:00'),
(1159, '23', 'Dela Cruz', 'Room 221', 'Saturday', '15:00:00', '16:00:00'),
(1160, '23', 'Dela Cruz', 'Room 159', 'Wednesday', '09:30:00', '10:30:00'),
(1161, '24', 'Cabrera', 'Room 215', 'Thursday', '09:30:00', '10:00:00'),
(1162, '24', 'Cabrera', 'Room 174', 'Wednesday', '12:00:00', '13:00:00'),
(1163, '25', 'Esquilona', 'Room 188', 'Friday', '12:00:00', '13:00:00'),
(1164, '25', 'Esquilona', 'Room 171', 'Saturday', '14:00:00', '15:00:00'),
(1165, '25', 'Esquilona', 'Room 112', 'Thursday', '14:00:00', '15:00:00'),
(1166, '26', 'Ignacio', 'Room 112', 'Friday', '08:30:00', '09:30:00'),
(1167, '26', 'Ignacio', 'Room 136', 'Saturday', '10:00:00', '11:00:00'),
(1168, '26', 'Ignacio', 'Room 248', 'Monday', '09:30:00', '10:00:00'),
(1169, '27', 'Cabique', 'Room 166', 'Thursday', '07:30:00', '08:30:00'),
(1170, '27', 'Cabique', 'Room 239', 'Tuesday', '13:00:00', '14:00:00'),
(1171, '27', 'Cabique', 'Room 134', 'Tuesday', '08:30:00', '09:30:00'),
(1172, '28', 'Paulo', 'Room 209', 'Thursday', '13:00:00', '14:00:00'),
(1173, '28', 'Paulo', 'Room 192', 'Monday', '10:00:00', '11:00:00'),
(1174, '28', 'Paulo', 'Room 214', 'Wednesday', '08:30:00', '09:30:00'),
(1175, '29', 'Fernandez', 'Room 154', 'Tuesday', '11:00:00', '12:00:00'),
(1176, '29', 'Fernandez', 'Room 164', 'Friday', '08:30:00', '09:30:00'),
(1177, '29', 'Fernandez', 'Room 187', 'Saturday', '10:30:00', '11:00:00'),
(1178, '30', 'Bacani', 'Room 130', 'Tuesday', '12:00:00', '13:00:00'),
(1179, '30', 'Bacani', 'Room 128', 'Monday', '09:30:00', '10:30:00'),
(1180, '30', 'Bacani', 'Room 181', 'Tuesday', '11:00:00', '12:00:00'),
(1181, '31', 'Laguidao', 'Room 236', 'Wednesday', '15:00:00', '16:00:00'),
(1182, '31', 'Laguidao', 'Room 103', 'Monday', '15:00:00', '16:00:00'),
(1183, '31', 'Laguidao', 'Room 156', 'Wednesday', '13:00:00', '14:00:00'),
(1184, '32', 'Bognalos', 'Room 186', 'Monday', '14:00:00', '15:00:00'),
(1185, '32', 'Bognalos', 'Room 101', 'Saturday', '07:30:00', '08:30:00'),
(1186, '33', 'Millano', 'Room 121', 'Wednesday', '10:00:00', '11:00:00'),
(1187, '33', 'Millano', 'Room 194', 'Saturday', '15:00:00', '16:00:00'),
(1188, '34', 'Evarola', 'Room 121', 'Thursday', '15:00:00', '16:00:00'),
(1189, '34', 'Evarola', 'Room 192', 'Monday', '11:00:00', '12:00:00'),
(1190, '35', 'Noriega', 'Room 195', 'Saturday', '15:00:00', '16:00:00'),
(1191, '35', 'Noriega', 'Room 236', 'Monday', '16:00:00', '17:00:00'),
(1192, '36', 'Ramirez', 'Room 190', 'Friday', '10:30:00', '11:00:00'),
(1193, '36', 'Ramirez', 'Room 195', 'Tuesday', '08:30:00', '09:30:00'),
(1194, '37', 'Esquilona', 'Room 166', 'Monday', '14:00:00', '15:00:00'),
(1195, '37', 'Esquilona', 'Room 200', 'Thursday', '12:00:00', '13:00:00'),
(1196, '37', 'Esquilona', 'Room 205', 'Saturday', '15:00:00', '16:00:00'),
(1197, '38', 'Ballesteros', 'Room 196', 'Thursday', '10:00:00', '11:00:00'),
(1198, '38', 'Ballesteros', 'Room 148', 'Saturday', '07:30:00', '08:30:00'),
(1199, '38', 'Ballesteros', 'Room 173', 'Tuesday', '16:00:00', '17:00:00'),
(1200, '39', 'Layag', 'Room 167', 'Tuesday', '11:00:00', '12:00:00'),
(1201, '39', 'Layag', 'Room 104', 'Wednesday', '11:00:00', '12:00:00'),
(1202, '39', 'Layag', 'Room 211', 'Friday', '07:30:00', '08:30:00'),
(1203, '40', 'Alonzo', 'Room 227', 'Saturday', '09:30:00', '10:30:00'),
(1204, '40', 'Alonzo', 'Room 185', 'Wednesday', '15:00:00', '16:00:00'),
(1205, '41', 'Binaluyo', 'Room 248', 'Thursday', '13:00:00', '14:00:00'),
(1206, '41', 'Binaluyo', 'Room 139', 'Friday', '13:00:00', '14:00:00'),
(1207, '42', 'Napili', 'Room 140', 'Thursday', '09:30:00', '10:00:00'),
(1208, '42', 'Napili', 'Room 219', 'Thursday', '13:00:00', '14:00:00'),
(1209, '42', 'Napili', 'Room 184', 'Friday', '12:00:00', '13:00:00'),
(1210, '43', 'Alde', 'Room 105', 'Tuesday', '09:30:00', '10:00:00'),
(1211, '43', 'Alde', 'Room 161', 'Saturday', '08:30:00', '09:30:00'),
(1212, '43', 'Alde', 'Room 152', 'Thursday', '07:30:00', '08:30:00'),
(1213, '44', 'Alejo', 'Room 240', 'Saturday', '10:30:00', '11:00:00'),
(1214, '44', 'Alejo', 'Room 167', 'Tuesday', '16:00:00', '17:00:00'),
(1215, '44', 'Alejo', 'Room 155', 'Friday', '12:00:00', '13:00:00'),
(1216, '45', 'Lati', 'Room 250', 'Wednesday', '13:00:00', '14:00:00'),
(1217, '45', 'Lati', 'Room 240', 'Tuesday', '12:00:00', '13:00:00'),
(1218, '45', 'Lati', 'Room 158', 'Monday', '15:00:00', '16:00:00'),
(1219, '46', 'Orolaza', 'Room 141', 'Wednesday', '12:00:00', '13:00:00'),
(1220, '46', 'Orolaza', 'Room 164', 'Monday', '14:00:00', '15:00:00'),
(1221, '46', 'Orolaza', 'Room 151', 'Thursday', '08:30:00', '09:30:00'),
(1222, '47', 'Tabones', 'Room 164', 'Friday', '12:00:00', '13:00:00'),
(1223, '47', 'Tabones', 'Room 127', 'Wednesday', '08:30:00', '09:30:00'),
(1224, '47', 'Tabones', 'Room 107', 'Thursday', '14:00:00', '15:00:00'),
(1225, '48', 'Dela Cruz', 'Room 162', 'Friday', '10:30:00', '11:00:00'),
(1226, '48', 'Dela Cruz', 'Room 244', 'Friday', '11:00:00', '12:00:00'),
(1227, '49', 'Dinapo', 'Room 244', 'Wednesday', '07:30:00', '08:30:00'),
(1228, '49', 'Dinapo', 'Room 200', 'Thursday', '13:00:00', '14:00:00'),
(1229, '50', 'Vallesteros', 'Room 215', 'Friday', '08:30:00', '09:30:00'),
(1230, '50', 'Vallesteros', 'Room 134', 'Saturday', '10:00:00', '11:00:00'),
(1231, '51', 'Dela Peña', 'Room 176', 'Monday', '15:00:00', '16:00:00'),
(1232, '51', 'Dela Peña', 'Room 149', 'Tuesday', '09:30:00', '10:00:00'),
(1233, '52', 'Obedoza', 'Room 129', 'Monday', '16:00:00', '17:00:00'),
(1234, '52', 'Obedoza', 'Room 248', 'Wednesday', '11:00:00', '12:00:00'),
(1235, '53', 'Fernando', 'Room 138', 'Wednesday', '13:00:00', '14:00:00'),
(1236, '53', 'Fernando', 'Room 241', 'Tuesday', '15:00:00', '16:00:00'),
(1237, '54', 'Acebes', 'Room 232', 'Friday', '15:00:00', '16:00:00'),
(1238, '54', 'Acebes', 'Room 115', 'Saturday', '09:30:00', '10:00:00'),
(1239, '55', 'Berza', 'Room 196', 'Friday', '16:00:00', '17:00:00'),
(1240, '55', 'Berza', 'Room 169', 'Tuesday', '10:30:00', '11:00:00'),
(1241, '56', 'Maniba', 'Room 243', 'Saturday', '14:00:00', '15:00:00'),
(1242, '56', 'Maniba', 'Room 163', 'Monday', '07:30:00', '08:30:00'),
(1243, '57', 'Bacongallo', 'Room 124', 'Thursday', '16:00:00', '17:00:00'),
(1244, '57', 'Bacongallo', 'Room 244', 'Monday', '09:30:00', '10:30:00'),
(1245, '58', 'Cabrera', 'Room 162', 'Saturday', '14:00:00', '15:00:00'),
(1246, '58', 'Cabrera', 'Room 107', 'Thursday', '09:30:00', '10:00:00'),
(1247, '59', 'Valdez', 'Room 208', 'Monday', '08:30:00', '09:30:00'),
(1248, '59', 'Valdez', 'Room 194', 'Wednesday', '11:00:00', '12:00:00'),
(1249, '60', 'Abanto', 'Room 133', 'Friday', '15:00:00', '16:00:00'),
(1250, '60', 'Abanto', 'Room 111', 'Tuesday', '12:00:00', '13:00:00'),
(1251, '61', 'Esquilona', 'Room 161', 'Monday', '13:00:00', '14:00:00'),
(1252, '61', 'Esquilona', 'Room 159', 'Wednesday', '16:00:00', '17:00:00'),
(1253, '62', 'Ignacio', 'Room 123', 'Tuesday', '14:00:00', '15:00:00'),
(1254, '62', 'Ignacio', 'Room 121', 'Saturday', '10:30:00', '11:00:00'),
(1255, '63', 'Cabique', 'Room 125', 'Friday', '11:00:00', '12:00:00'),
(1256, '63', 'Cabique', 'Room 114', 'Thursday', '15:00:00', '16:00:00'),
(1257, '64', 'Paulo', 'Room 224', 'Monday', '14:00:00', '15:00:00'),
(1258, '64', 'Paulo', 'Room 172', 'Wednesday', '15:00:00', '16:00:00'),
(1259, '65', 'Fernandez', 'Room 238', 'Friday', '14:00:00', '15:00:00'),
(1260, '65', 'Fernandez', 'Room 116', 'Tuesday', '11:00:00', '12:00:00'),
(1261, '66', 'Bartolome', 'Room 210', 'Wednesday', '11:00:00', '12:00:00'),
(1262, '66', 'Bartolome', 'Room 178', 'Friday', '09:30:00', '10:30:00'),
(1263, '67', 'Bacani', 'Room 209', 'Wednesday', '16:00:00', '17:00:00'),
(1264, '67', 'Bacani', 'Room 212', 'Saturday', '09:30:00', '10:00:00'),
(1265, '68', 'Laguidao', 'Room 163', 'Monday', '10:30:00', '11:00:00'),
(1266, '68', 'Laguidao', 'Room 151', 'Tuesday', '11:00:00', '12:00:00'),
(1267, '69', 'Bognalos', 'Room 210', 'Saturday', '10:30:00', '11:00:00'),
(1268, '69', 'Bognalos', 'Room 161', 'Thursday', '11:00:00', '12:00:00'),
(1269, '70', 'Evarola', 'Room 227', 'Tuesday', '16:00:00', '17:00:00'),
(1270, '70', 'Evarola', 'Room 162', 'Monday', '08:30:00', '09:30:00'),
(1271, '71', 'Noriega', 'Room 103', 'Tuesday', '11:00:00', '12:00:00'),
(1272, '71', 'Noriega', 'Room 124', 'Saturday', '09:30:00', '10:30:00'),
(1273, '72', 'Ramirez', 'Room 241', 'Thursday', '15:00:00', '16:00:00'),
(1274, '72', 'Ramirez', 'Room 176', 'Monday', '15:00:00', '16:00:00'),
(1275, '73', 'Esquilona', 'Room 174', 'Monday', '14:00:00', '15:00:00'),
(1276, '73', 'Esquilona', 'Room 148', 'Saturday', '09:30:00', '10:00:00'),
(1277, '74', 'Ballesteros', 'Room 150', 'Wednesday', '07:30:00', '08:30:00'),
(1278, '74', 'Ballesteros', 'Room 216', 'Wednesday', '10:30:00', '11:00:00'),
(1279, '75', 'Layag', 'Room 107', 'Tuesday', '10:00:00', '11:00:00'),
(1280, '75', 'Layag', 'Room 249', 'Monday', '16:00:00', '17:00:00'),
(1281, '76', 'Gumabon', 'Room 217', 'Thursday', '15:00:00', '16:00:00'),
(1282, '76', 'Gumabon', 'Room 130', 'Saturday', '12:00:00', '13:00:00'),
(1283, '77', 'Alonzo', 'Room 163', 'Wednesday', '16:00:00', '17:00:00'),
(1284, '77', 'Alonzo', 'Room 139', 'Monday', '09:30:00', '10:00:00'),
(1285, '78', 'Binaluyo', 'Room 128', 'Friday', '13:00:00', '14:00:00'),
(1286, '78', 'Binaluyo', 'Room 201', 'Monday', '16:00:00', '17:00:00'),
(1287, '79', 'Napili', 'Room 244', 'Wednesday', '14:00:00', '15:00:00'),
(1288, '79', 'Napili', 'Room 200', 'Friday', '08:30:00', '09:30:00'),
(1289, '80', 'Alejo', 'Room 229', 'Tuesday', '14:00:00', '15:00:00'),
(1290, '80', 'Alejo', 'Room 109', 'Tuesday', '08:30:00', '09:30:00'),
(1291, '81', 'Lati', 'Room 223', 'Tuesday', '14:00:00', '15:00:00'),
(1292, '81', 'Lati', 'Room 190', 'Thursday', '13:00:00', '14:00:00'),
(1293, '82', 'Orolaza', 'Room 160', 'Friday', '12:00:00', '13:00:00'),
(1294, '82', 'Orolaza', 'Room 237', 'Saturday', '13:00:00', '14:00:00'),
(1295, '83', 'Tabones', 'Room 121', 'Friday', '14:00:00', '15:00:00'),
(1296, '83', 'Tabones', 'Room 188', 'Thursday', '10:00:00', '11:00:00'),
(1297, '84', 'Dela Cruz', 'Room 188', 'Saturday', '08:30:00', '09:30:00'),
(1298, '84', 'Dela Cruz', 'Room 125', 'Saturday', '09:30:00', '10:30:00'),
(1299, '85', 'Dinapo', 'Room 187', 'Tuesday', '09:30:00', '10:00:00'),
(1300, '85', 'Dinapo', 'Room 101', 'Saturday', '12:00:00', '13:00:00'),
(1301, '86', 'Royeca', 'Room 194', 'Saturday', '11:00:00', '12:00:00'),
(1302, '86', 'Royeca', 'Room 137', 'Tuesday', '11:00:00', '12:00:00'),
(1303, '87', 'Vallesteros', 'Room 219', 'Thursday', '07:30:00', '08:30:00'),
(1304, '87', 'Vallesteros', 'Room 111', 'Thursday', '09:30:00', '10:30:00'),
(1305, '88', 'Dela Peña', 'Room 173', 'Friday', '08:30:00', '09:30:00'),
(1306, '88', 'Dela Peña', 'Room 160', 'Thursday', '09:30:00', '10:00:00'),
(1307, '89', 'Obedoza', 'Room 161', 'Tuesday', '12:00:00', '13:00:00'),
(1308, '89', 'Obedoza', 'Room 199', 'Friday', '08:30:00', '09:30:00'),
(1309, '90', 'Acebes', 'Room 200', 'Monday', '13:00:00', '14:00:00'),
(1310, '90', 'Acebes', 'Room 151', 'Thursday', '11:00:00', '12:00:00'),
(1311, '91', 'Berza', 'Room 171', 'Saturday', '12:00:00', '13:00:00'),
(1312, '91', 'Berza', 'Room 152', 'Wednesday', '07:30:00', '08:30:00'),
(1313, '92', 'Maniba', 'Room 168', 'Thursday', '14:00:00', '15:00:00'),
(1314, '92', 'Maniba', 'Room 137', 'Monday', '14:00:00', '15:00:00'),
(1315, '93', 'Bacongallo', 'Room 224', 'Wednesday', '16:00:00', '17:00:00'),
(1316, '93', 'Bacongallo', 'Room 131', 'Friday', '09:30:00', '10:00:00'),
(1317, '94', 'Cabrera', 'Room 105', 'Friday', '10:30:00', '11:00:00'),
(1318, '94', 'Cabrera', 'Room 191', 'Thursday', '10:30:00', '11:00:00'),
(1319, '95', 'Valdez', 'Room 238', 'Thursday', '13:00:00', '14:00:00'),
(1320, '95', 'Valdez', 'Room 208', 'Wednesday', '13:00:00', '14:00:00'),
(1321, '96', 'Morales', 'Room 244', 'Saturday', '07:30:00', '08:30:00'),
(1322, '96', 'Morales', 'Room 195', 'Wednesday', '09:30:00', '10:30:00'),
(1323, '97', 'Abanto', 'Room 249', 'Monday', '10:30:00', '11:00:00'),
(1324, '97', 'Abanto', 'Room 199', 'Wednesday', '11:00:00', '12:00:00'),
(1325, '98', 'Esquilona', 'Room 131', 'Thursday', '10:00:00', '11:00:00'),
(1326, '98', 'Esquilona', 'Room 171', 'Tuesday', '08:30:00', '09:30:00'),
(1327, '99', 'Ignacio', 'Room 213', 'Friday', '15:00:00', '16:00:00'),
(1328, '99', 'Ignacio', 'Room 165', 'Tuesday', '14:00:00', '15:00:00'),
(1329, '100', 'Cabique', 'Room 146', 'Saturday', '13:00:00', '14:00:00'),
(1330, '100', 'Cabique', 'Room 206', 'Friday', '09:30:00', '10:00:00'),
(1331, '101', 'Paulo', 'Room 154', 'Saturday', '14:00:00', '15:00:00'),
(1332, '101', 'Paulo', 'Room 172', 'Wednesday', '15:00:00', '16:00:00'),
(1333, '102', 'Fernandez', 'Room 224', 'Saturday', '14:00:00', '15:00:00'),
(1334, '102', 'Fernandez', 'Room 115', 'Saturday', '10:30:00', '11:00:00'),
(1335, '103', 'Bartolome', 'Room 179', 'Monday', '14:00:00', '15:00:00'),
(1336, '103', 'Bartolome', 'Room 192', 'Tuesday', '16:00:00', '17:00:00'),
(1337, '104', 'Bacani', 'Room 225', 'Monday', '13:00:00', '14:00:00'),
(1338, '104', 'Bacani', 'Room 188', 'Wednesday', '09:30:00', '10:00:00'),
(1339, '105', 'Laguidao', 'Room 132', 'Thursday', '09:30:00', '10:30:00'),
(1340, '105', 'Laguidao', 'Room 154', 'Wednesday', '09:30:00', '10:00:00'),
(1341, '106', 'Bognalos', 'Room 213', 'Thursday', '10:00:00', '11:00:00'),
(1342, '106', 'Bognalos', 'Room 125', 'Saturday', '08:30:00', '09:30:00'),
(1343, '107', 'Millano', 'Room 137', 'Wednesday', '08:30:00', '09:30:00'),
(1344, '107', 'Millano', 'Room 179', 'Monday', '08:30:00', '09:30:00'),
(1345, '108', 'Evarola', 'Room 178', 'Monday', '09:30:00', '10:00:00'),
(1346, '108', 'Evarola', 'Room 139', 'Saturday', '15:00:00', '16:00:00'),
(1347, '109', 'Noriega', 'Room 244', 'Monday', '11:00:00', '12:00:00'),
(1348, '109', 'Noriega', 'Room 237', 'Tuesday', '14:00:00', '15:00:00'),
(1349, '110', 'Esquilona', 'Room 159', 'Saturday', '13:00:00', '14:00:00'),
(1350, '110', 'Esquilona', 'Room 104', 'Tuesday', '12:00:00', '13:00:00'),
(1351, '111', 'Ballesteros', 'Room 138', 'Thursday', '13:00:00', '14:00:00'),
(1352, '111', 'Ballesteros', 'Room 201', 'Monday', '09:30:00', '10:00:00'),
(1353, '112', 'Layag', 'Room 210', 'Tuesday', '09:30:00', '10:00:00'),
(1354, '112', 'Layag', 'Room 161', 'Monday', '10:30:00', '11:00:00'),
(1355, '113', 'Gumabon', 'Room 189', 'Thursday', '12:00:00', '13:00:00'),
(1356, '113', 'Gumabon', 'Room 124', 'Monday', '09:30:00', '10:30:00'),
(1357, '114', 'Alonzo', 'Room 163', 'Thursday', '12:00:00', '13:00:00'),
(1358, '114', 'Alonzo', 'Room 147', 'Monday', '13:00:00', '14:00:00'),
(1359, '115', 'Binaluyo', 'Room 249', 'Thursday', '11:00:00', '12:00:00'),
(1360, '115', 'Binaluyo', 'Room 178', 'Tuesday', '15:00:00', '16:00:00'),
(1361, '116', 'Napili', 'Room 155', 'Saturday', '10:30:00', '11:00:00'),
(1362, '116', 'Napili', 'Room 199', 'Friday', '16:00:00', '17:00:00'),
(1363, '117', 'Alde', 'Room 239', 'Friday', '09:30:00', '10:00:00'),
(1364, '117', 'Alde', 'Room 182', 'Saturday', '09:30:00', '10:30:00'),
(1365, '118', 'Alejo', 'Room 213', 'Friday', '08:30:00', '09:30:00'),
(1366, '118', 'Alejo', 'Room 174', 'Thursday', '09:30:00', '10:00:00'),
(1367, '119', 'Lati', 'Room 148', 'Friday', '08:30:00', '09:30:00'),
(1368, '119', 'Lati', 'Room 248', 'Wednesday', '07:30:00', '08:30:00'),
(1369, '120', 'Tabones', 'Room 194', 'Wednesday', '13:00:00', '14:00:00'),
(1370, '120', 'Tabones', 'Room 155', 'Thursday', '13:00:00', '14:00:00'),
(1371, '121', 'Dela Cruz', 'Room 162', 'Friday', '14:00:00', '15:00:00'),
(1372, '121', 'Dela Cruz', 'Room 187', 'Friday', '11:00:00', '12:00:00'),
(1373, '122', 'Dinapo', 'Room 177', 'Tuesday', '08:30:00', '09:30:00'),
(1374, '122', 'Dinapo', 'Room 110', 'Thursday', '14:00:00', '15:00:00'),
(1375, '123', 'Royeca', 'Room 211', 'Tuesday', '07:30:00', '08:30:00'),
(1376, '123', 'Royeca', 'Room 101', 'Friday', '12:00:00', '13:00:00'),
(1377, '124', 'Vallesteros', 'Room 245', 'Monday', '09:30:00', '10:00:00'),
(1378, '124', 'Vallesteros', 'Room 120', 'Monday', '15:00:00', '16:00:00'),
(1379, '125', 'Dela Peña', 'Room 142', 'Saturday', '16:00:00', '17:00:00'),
(1380, '125', 'Dela Peña', 'Room 155', 'Thursday', '13:00:00', '14:00:00'),
(1381, '126', 'Obedoza', 'Room 121', 'Friday', '16:00:00', '17:00:00'),
(1382, '126', 'Obedoza', 'Room 182', 'Monday', '12:00:00', '13:00:00'),
(1383, '126', 'Obedoza', 'Room 231', 'Saturday', '10:30:00', '11:00:00'),
(1384, '127', 'Fernando', 'Room 219', 'Tuesday', '10:00:00', '11:00:00'),
(1385, '127', 'Fernando', 'Room 137', 'Friday', '10:00:00', '11:00:00'),
(1386, '127', 'Fernando', 'Room 206', 'Thursday', '08:30:00', '09:30:00'),
(1387, '128', 'Acebes', 'Room 212', 'Friday', '16:00:00', '17:00:00'),
(1388, '128', 'Acebes', 'Room 160', 'Friday', '09:30:00', '10:00:00'),
(1389, '128', 'Acebes', 'Room 237', 'Wednesday', '12:00:00', '13:00:00'),
(1390, '129', 'Berza', 'Room 214', 'Friday', '08:30:00', '09:30:00'),
(1391, '129', 'Berza', 'Room 165', 'Friday', '15:00:00', '16:00:00'),
(1392, '129', 'Berza', 'Room 137', 'Monday', '13:00:00', '14:00:00'),
(1393, '130', 'Bacongallo', 'Room 127', 'Saturday', '12:00:00', '13:00:00'),
(1394, '130', 'Bacongallo', 'Room 167', 'Tuesday', '11:00:00', '12:00:00'),
(1395, '130', 'Bacongallo', 'Room 116', 'Wednesday', '09:30:00', '10:00:00'),
(1396, '131', 'Cabrera', 'Room 158', 'Tuesday', '14:00:00', '15:00:00'),
(1397, '131', 'Cabrera', 'Room 165', 'Saturday', '09:30:00', '10:00:00'),
(1398, '131', 'Cabrera', 'Room 209', 'Wednesday', '10:00:00', '11:00:00'),
(1399, '132', 'Valdez', 'Room 202', 'Tuesday', '15:00:00', '16:00:00'),
(1400, '132', 'Valdez', 'Room 149', 'Tuesday', '13:00:00', '14:00:00'),
(1401, '132', 'Valdez', 'Room 131', 'Wednesday', '10:00:00', '11:00:00'),
(1402, '133', 'Morales', 'Room 126', 'Wednesday', '09:30:00', '10:00:00'),
(1403, '133', 'Morales', 'Room 203', 'Friday', '07:30:00', '08:30:00'),
(1404, '133', 'Morales', 'Room 162', 'Saturday', '09:30:00', '10:30:00'),
(1405, '134', 'Abanto', 'Room 161', 'Saturday', '08:30:00', '09:30:00'),
(1406, '134', 'Abanto', 'Room 144', 'Friday', '10:00:00', '11:00:00'),
(1407, '134', 'Abanto', 'Room 136', 'Tuesday', '09:30:00', '10:00:00'),
(1408, '135', 'Esquilona', 'Room 239', 'Monday', '12:00:00', '13:00:00'),
(1409, '135', 'Esquilona', 'Room 117', 'Thursday', '12:00:00', '13:00:00'),
(1410, '135', 'Esquilona', 'Room 103', 'Wednesday', '09:30:00', '10:30:00'),
(1411, '136', 'Ignacio', 'Room 127', 'Tuesday', '14:00:00', '15:00:00'),
(1412, '136', 'Ignacio', 'Room 170', 'Thursday', '09:30:00', '10:30:00'),
(1413, '136', 'Ignacio', 'Room 135', 'Friday', '13:00:00', '14:00:00'),
(1414, '137', 'Cabique', 'Room 148', 'Wednesday', '08:30:00', '09:30:00'),
(1415, '137', 'Cabique', 'Room 132', 'Monday', '11:00:00', '12:00:00'),
(1416, '137', 'Cabique', 'Room 197', 'Tuesday', '15:00:00', '16:00:00'),
(1417, '138', 'Paulo', 'Room 167', 'Friday', '15:00:00', '16:00:00'),
(1418, '138', 'Paulo', 'Room 168', 'Tuesday', '07:30:00', '08:30:00'),
(1419, '138', 'Paulo', 'Room 108', 'Thursday', '13:00:00', '14:00:00'),
(1420, '139', 'Fernandez', 'Room 148', 'Saturday', '07:30:00', '08:30:00'),
(1421, '139', 'Fernandez', 'Room 111', 'Friday', '12:00:00', '13:00:00'),
(1422, '139', 'Fernandez', 'Room 207', 'Thursday', '11:00:00', '12:00:00'),
(1423, '140', 'Bacani', 'Room 227', 'Friday', '12:00:00', '13:00:00'),
(1424, '140', 'Bacani', 'Room 176', 'Friday', '14:00:00', '15:00:00'),
(1425, '140', 'Bacani', 'Room 173', 'Saturday', '10:30:00', '11:00:00'),
(1426, '141', 'Laguidao', 'Room 150', 'Saturday', '12:00:00', '13:00:00'),
(1427, '141', 'Laguidao', 'Room 220', 'Saturday', '10:30:00', '11:00:00'),
(1428, '141', 'Laguidao', 'Room 249', 'Friday', '11:00:00', '12:00:00'),
(1429, '142', 'Bognalos', 'Room 249', 'Monday', '10:00:00', '11:00:00'),
(1430, '142', 'Bognalos', 'Room 217', 'Saturday', '15:00:00', '16:00:00'),
(1431, '142', 'Bognalos', 'Room 239', 'Monday', '13:00:00', '14:00:00'),
(1432, '143', 'Millano', 'Room 192', 'Thursday', '10:30:00', '11:00:00'),
(1433, '143', 'Millano', 'Room 230', 'Monday', '09:30:00', '10:30:00'),
(1434, '143', 'Millano', 'Room 210', 'Friday', '10:30:00', '11:00:00'),
(1435, '144', 'Evarola', 'Room 139', 'Friday', '10:30:00', '11:00:00'),
(1436, '145', 'Noriega', 'Room 133', 'Tuesday', '08:30:00', '09:30:00'),
(1437, '146', 'Ramirez', 'Room 143', 'Saturday', '15:00:00', '16:00:00'),
(1438, '147', 'Esquilona', 'Room 224', 'Wednesday', '09:30:00', '10:30:00'),
(1439, '148', 'Ballesteros', 'Room 122', 'Thursday', '11:00:00', '12:00:00'),
(1440, '149', 'Layag', 'Room 146', 'Tuesday', '08:30:00', '09:30:00'),
(1441, '150', 'Alonzo', 'Room 182', 'Wednesday', '10:00:00', '11:00:00'),
(1442, '151', 'Binaluyo', 'Room 209', 'Friday', '09:30:00', '10:00:00'),
(1443, '152', 'Napili', 'Room 244', 'Monday', '09:30:00', '10:00:00'),
(1444, '153', 'Alde', 'Room 228', 'Thursday', '07:30:00', '08:30:00'),
(1445, '154', 'Alejo', 'Room 250', 'Saturday', '10:30:00', '11:00:00'),
(1446, '154', 'Alejo', 'Room 149', 'Wednesday', '13:00:00', '14:00:00'),
(1447, '154', 'Alejo', 'Room 191', 'Saturday', '14:00:00', '15:00:00'),
(1448, '155', 'Lati', 'Room 167', 'Monday', '15:00:00', '16:00:00'),
(1449, '155', 'Lati', 'Room 102', 'Wednesday', '13:00:00', '14:00:00'),
(1450, '155', 'Lati', 'Room 229', 'Saturday', '12:00:00', '13:00:00'),
(1451, '155', 'Lati', 'Room 110', 'Thursday', '08:30:00', '09:30:00'),
(1452, '156', 'Orolaza', 'Room 177', 'Friday', '08:30:00', '09:30:00'),
(1453, '156', 'Orolaza', 'Room 180', 'Wednesday', '11:00:00', '12:00:00'),
(1454, '156', 'Orolaza', 'Room 104', 'Wednesday', '07:30:00', '08:30:00'),
(1455, '157', 'Tabones', 'Room 110', 'Thursday', '12:00:00', '13:00:00'),
(1456, '157', 'Tabones', 'Room 184', 'Tuesday', '11:00:00', '12:00:00'),
(1457, '157', 'Tabones', 'Room 121', 'Tuesday', '15:00:00', '16:00:00'),
(1458, '158', 'Dela Cruz', 'Room 169', 'Wednesday', '10:30:00', '11:00:00'),
(1459, '159', 'Dinapo', 'Room 213', 'Thursday', '08:30:00', '09:30:00'),
(1460, '160', 'Vallesteros', 'Room 161', 'Thursday', '10:30:00', '11:00:00'),
(1461, '160', 'Vallesteros', 'Room 146', 'Friday', '11:00:00', '12:00:00'),
(1462, '160', 'Vallesteros', 'Room 243', 'Saturday', '09:30:00', '10:30:00'),
(1463, '161', 'Dela Peña', 'Room 146', 'Friday', '11:00:00', '12:00:00'),
(1464, '161', 'Dela Peña', 'Room 230', 'Saturday', '13:00:00', '14:00:00'),
(1465, '161', 'Dela Peña', 'Room 110', 'Thursday', '10:00:00', '11:00:00'),
(1466, '162', 'Obedoza', 'Room 244', 'Thursday', '15:00:00', '16:00:00'),
(1467, '162', 'Obedoza', 'Room 124', 'Tuesday', '13:00:00', '14:00:00'),
(1468, '162', 'Obedoza', 'Room 164', 'Monday', '14:00:00', '15:00:00'),
(1469, '162', 'Obedoza', 'Room 196', 'Monday', '07:30:00', '08:30:00'),
(1470, '163', 'Fernando', 'Room 177', 'Friday', '11:00:00', '12:00:00'),
(1471, '163', 'Fernando', 'Room 217', 'Friday', '13:00:00', '14:00:00'),
(1472, '163', 'Fernando', 'Room 208', 'Tuesday', '07:30:00', '08:30:00'),
(1473, '164', 'Acebes', 'Room 200', 'Tuesday', '12:00:00', '13:00:00'),
(1474, '164', 'Acebes', 'Room 238', 'Friday', '11:00:00', '12:00:00'),
(1475, '164', 'Acebes', 'Room 212', 'Wednesday', '12:00:00', '13:00:00'),
(1476, '165', 'Berza', 'Room 208', 'Thursday', '10:00:00', '11:00:00'),
(1477, '165', 'Berza', 'Room 213', 'Thursday', '16:00:00', '17:00:00'),
(1478, '165', 'Berza', 'Room 120', 'Tuesday', '11:00:00', '12:00:00'),
(1479, '166', 'Maniba', 'Room 145', 'Wednesday', '11:00:00', '12:00:00'),
(1480, '167', 'Bacongallo', 'Room 217', 'Tuesday', '08:30:00', '09:30:00'),
(1481, '168', 'Cabrera', 'Room 126', 'Thursday', '11:00:00', '12:00:00'),
(1482, '168', 'Cabrera', 'Room 188', 'Friday', '13:00:00', '14:00:00'),
(1483, '168', 'Cabrera', 'Room 174', 'Monday', '07:30:00', '08:30:00'),
(1484, '169', 'Valdez', 'Room 202', 'Tuesday', '16:00:00', '17:00:00'),
(1485, '169', 'Valdez', 'Room 177', 'Saturday', '12:00:00', '13:00:00'),
(1486, '169', 'Valdez', 'Room 247', 'Saturday', '16:00:00', '17:00:00'),
(1487, '170', 'Abanto', 'Room 169', 'Monday', '10:30:00', '11:00:00'),
(1488, '170', 'Abanto', 'Room 207', 'Saturday', '16:00:00', '17:00:00'),
(1489, '170', 'Abanto', 'Room 135', 'Saturday', '14:00:00', '15:00:00'),
(1490, '170', 'Abanto', 'Room 164', 'Friday', '08:30:00', '09:30:00'),
(1491, '171', 'Esquilona', 'Room 186', 'Monday', '12:00:00', '13:00:00'),
(1492, '171', 'Esquilona', 'Room 198', 'Thursday', '10:00:00', '11:00:00'),
(1493, '171', 'Esquilona', 'Room 231', 'Saturday', '09:30:00', '10:30:00'),
(1494, '172', 'Ignacio', 'Room 196', 'Wednesday', '14:00:00', '15:00:00'),
(1495, '172', 'Ignacio', 'Room 246', 'Saturday', '14:00:00', '15:00:00'),
(1496, '172', 'Ignacio', 'Room 143', 'Saturday', '15:00:00', '16:00:00'),
(1497, '173', 'Cabique', 'Room 161', 'Tuesday', '12:00:00', '13:00:00'),
(1498, '173', 'Cabique', 'Room 159', 'Friday', '11:00:00', '12:00:00'),
(1499, '173', 'Cabique', 'Room 240', 'Thursday', '16:00:00', '17:00:00'),
(1500, '174', 'Paulo', 'Room 181', 'Friday', '11:00:00', '12:00:00'),
(1501, '174', 'Paulo', 'Room 129', 'Monday', '07:30:00', '08:30:00'),
(1502, '174', 'Paulo', 'Room 113', 'Wednesday', '14:00:00', '15:00:00'),
(1503, '175', 'Fernandez', 'Room 132', 'Saturday', '11:00:00', '12:00:00'),
(1504, '176', 'Bartolome', 'Room 210', 'Tuesday', '10:00:00', '11:00:00'),
(1505, '177', 'Bacani', 'Room 114', 'Thursday', '14:00:00', '15:00:00'),
(1506, '177', 'Bacani', 'Room 175', 'Thursday', '15:00:00', '16:00:00'),
(1507, '177', 'Bacani', 'Room 165', 'Saturday', '11:00:00', '12:00:00'),
(1508, '178', 'Laguidao', 'Room 127', 'Monday', '10:30:00', '11:00:00'),
(1509, '178', 'Laguidao', 'Room 103', 'Friday', '11:00:00', '12:00:00'),
(1510, '178', 'Laguidao', 'Room 108', 'Tuesday', '15:00:00', '16:00:00'),
(1511, '178', 'Laguidao', 'Room 189', 'Wednesday', '07:30:00', '08:30:00'),
(1512, '179', 'Bognalos', 'Room 103', 'Friday', '12:00:00', '13:00:00'),
(1513, '179', 'Bognalos', 'Room 103', 'Monday', '08:30:00', '09:30:00'),
(1514, '179', 'Bognalos', 'Room 182', 'Tuesday', '11:00:00', '12:00:00'),
(1515, '179', 'Bognalos', 'Room 242', 'Friday', '11:00:00', '12:00:00'),
(1516, '180', 'Evarola', 'Room 128', 'Friday', '08:30:00', '09:30:00'),
(1517, '180', 'Evarola', 'Room 214', 'Wednesday', '13:00:00', '14:00:00'),
(1518, '180', 'Evarola', 'Room 116', 'Wednesday', '16:00:00', '17:00:00'),
(1519, '180', 'Evarola', 'Room 158', 'Wednesday', '07:30:00', '08:30:00'),
(1520, '181', 'Noriega', 'Room 139', 'Wednesday', '11:00:00', '12:00:00'),
(1521, '181', 'Noriega', 'Room 123', 'Friday', '07:30:00', '08:30:00'),
(1522, '181', 'Noriega', 'Room 246', 'Tuesday', '10:30:00', '11:00:00'),
(1523, '182', 'Ramirez', 'Room 128', 'Wednesday', '09:30:00', '10:30:00'),
(1524, '182', 'Ramirez', 'Room 220', 'Wednesday', '13:00:00', '14:00:00'),
(1525, '182', 'Ramirez', 'Room 138', 'Friday', '08:30:00', '09:30:00'),
(1526, '183', 'Esquilona', 'Room 138', 'Monday', '08:30:00', '09:30:00'),
(1527, '183', 'Esquilona', 'Room 210', 'Tuesday', '10:30:00', '11:00:00'),
(1528, '184', 'Ballesteros', 'Room 126', 'Saturday', '14:00:00', '15:00:00'),
(1529, '184', 'Ballesteros', 'Room 127', 'Thursday', '09:30:00', '10:30:00'),
(1530, '185', 'Layag', 'Room 223', 'Wednesday', '09:30:00', '10:00:00'),
(1531, '185', 'Layag', 'Room 232', 'Saturday', '13:00:00', '14:00:00'),
(1532, '185', 'Layag', 'Room 106', 'Tuesday', '13:00:00', '14:00:00'),
(1533, '186', 'Gumabon', 'Room 211', 'Thursday', '12:00:00', '13:00:00'),
(1534, '186', 'Gumabon', 'Room 161', 'Monday', '16:00:00', '17:00:00'),
(1535, '186', 'Gumabon', 'Room 246', 'Monday', '12:00:00', '13:00:00'),
(1536, '187', 'Alonzo', 'Room 228', 'Saturday', '08:30:00', '09:30:00'),
(1537, '187', 'Alonzo', 'Room 108', 'Monday', '08:30:00', '09:30:00'),
(1538, '187', 'Alonzo', 'Room 237', 'Monday', '16:00:00', '17:00:00'),
(1539, '188', 'Binaluyo', 'Room 103', 'Monday', '10:00:00', '11:00:00'),
(1540, '188', 'Binaluyo', 'Room 105', 'Monday', '12:00:00', '13:00:00'),
(1541, '188', 'Binaluyo', 'Room 126', 'Tuesday', '10:00:00', '11:00:00'),
(1542, '188', 'Binaluyo', 'Room 122', 'Monday', '15:00:00', '16:00:00'),
(1543, '189', 'Napili', 'Room 162', 'Friday', '07:30:00', '08:30:00'),
(1544, '189', 'Napili', 'Room 188', 'Monday', '14:00:00', '15:00:00'),
(1545, '189', 'Napili', 'Room 147', 'Thursday', '08:30:00', '09:30:00'),
(1546, '190', 'Alejo', 'Room 191', 'Thursday', '15:00:00', '16:00:00'),
(1547, '190', 'Alejo', 'Room 135', 'Wednesday', '12:00:00', '13:00:00'),
(1548, '190', 'Alejo', 'Room 248', 'Friday', '08:30:00', '09:30:00'),
(1549, '191', 'Lati', 'Room 192', 'Saturday', '09:30:00', '10:00:00'),
(1550, '191', 'Lati', 'Room 139', 'Friday', '08:30:00', '09:30:00'),
(1551, '191', 'Lati', 'Room 189', 'Friday', '11:00:00', '12:00:00'),
(1552, '192', 'Orolaza', 'Room 121', 'Monday', '08:30:00', '09:30:00'),
(1553, '192', 'Orolaza', 'Room 250', 'Wednesday', '09:30:00', '10:30:00'),
(1554, '192', 'Orolaza', 'Room 141', 'Friday', '14:00:00', '15:00:00'),
(1555, '193', 'Tabones', 'Room 198', 'Wednesday', '10:00:00', '11:00:00'),
(1556, '193', 'Tabones', 'Room 219', 'Friday', '11:00:00', '12:00:00'),
(1557, '194', 'Dela Cruz', 'Room 223', 'Saturday', '09:30:00', '10:00:00'),
(1558, '194', 'Dela Cruz', 'Room 207', 'Thursday', '16:00:00', '17:00:00'),
(1559, '195', 'Dinapo', 'Room 160', 'Monday', '10:30:00', '11:00:00'),
(1560, '195', 'Dinapo', 'Room 142', 'Friday', '12:00:00', '13:00:00'),
(1561, '195', 'Dinapo', 'Room 171', 'Saturday', '09:30:00', '10:30:00'),
(1562, '196', 'Royeca', 'Room 104', 'Monday', '12:00:00', '13:00:00'),
(1563, '196', 'Royeca', 'Room 238', 'Saturday', '09:30:00', '10:00:00'),
(1564, '196', 'Royeca', 'Room 118', 'Tuesday', '10:30:00', '11:00:00'),
(1565, '197', 'Vallesteros', 'Room 200', 'Friday', '13:00:00', '14:00:00'),
(1566, '197', 'Vallesteros', 'Room 167', 'Tuesday', '15:00:00', '16:00:00'),
(1567, '197', 'Vallesteros', 'Room 248', 'Tuesday', '14:00:00', '15:00:00'),
(1568, '197', 'Vallesteros', 'Room 161', 'Saturday', '12:00:00', '13:00:00'),
(1569, '198', 'Dela Peña', 'Room 158', 'Monday', '07:30:00', '08:30:00'),
(1570, '198', 'Dela Peña', 'Room 194', 'Thursday', '13:00:00', '14:00:00'),
(1571, '198', 'Dela Peña', 'Room 206', 'Saturday', '11:00:00', '12:00:00'),
(1572, '199', 'Obedoza', 'Room 186', 'Tuesday', '13:00:00', '14:00:00'),
(1573, '199', 'Obedoza', 'Room 194', 'Thursday', '08:30:00', '09:30:00'),
(1574, '199', 'Obedoza', 'Room 247', 'Saturday', '14:00:00', '15:00:00'),
(1575, '200', 'Berza', 'Room 124', 'Friday', '10:00:00', '11:00:00'),
(1576, '200', 'Berza', 'Room 158', 'Tuesday', '12:00:00', '13:00:00'),
(1577, '200', 'Berza', 'Room 121', 'Saturday', '15:00:00', '16:00:00'),
(1578, '201', 'Maniba', 'Room 171', 'Friday', '10:00:00', '11:00:00'),
(1579, '201', 'Maniba', 'Room 247', 'Tuesday', '08:30:00', '09:30:00'),
(1580, '202', 'Bacongallo', 'Room 239', 'Wednesday', '09:30:00', '10:30:00'),
(1581, '202', 'Bacongallo', 'Room 235', 'Tuesday', '07:30:00', '08:30:00'),
(1582, '203', 'Cabrera', 'Room 154', 'Friday', '11:00:00', '12:00:00'),
(1583, '204', 'Valdez', 'Room 181', 'Tuesday', '16:00:00', '17:00:00'),
(1584, '205', 'Morales', 'Room 114', 'Friday', '07:30:00', '08:30:00'),
(1585, '206', 'Abanto', 'Room 181', 'Saturday', '14:00:00', '15:00:00'),
(1586, '207', 'Esquilona', 'Room 181', 'Thursday', '10:30:00', '11:00:00'),
(1587, '207', 'Esquilona', 'Room 148', 'Wednesday', '11:00:00', '12:00:00'),
(1588, '208', 'Ignacio', 'Room 235', 'Thursday', '10:30:00', '11:00:00'),
(1589, '208', 'Ignacio', 'Room 161', 'Saturday', '08:30:00', '09:30:00'),
(1590, '209', 'Cabique', 'Room 138', 'Wednesday', '16:00:00', '17:00:00'),
(1591, '209', 'Cabique', 'Room 179', 'Thursday', '14:00:00', '15:00:00'),
(1592, '210', 'Fernandez', 'Room 226', 'Wednesday', '11:00:00', '12:00:00'),
(1593, '210', 'Fernandez', 'Room 131', 'Thursday', '08:30:00', '09:30:00'),
(1594, '211', 'Bartolome', 'Room 138', 'Friday', '11:00:00', '12:00:00'),
(1595, '211', 'Bartolome', 'Room 227', 'Thursday', '10:30:00', '11:00:00'),
(1596, '212', 'Bacani', 'Room 249', 'Friday', '11:00:00', '12:00:00'),
(1597, '212', 'Bacani', 'Room 248', 'Friday', '08:30:00', '09:30:00'),
(1598, '213', 'Laguidao', 'Room 106', 'Thursday', '14:00:00', '15:00:00'),
(1599, '213', 'Laguidao', 'Room 164', 'Monday', '15:00:00', '16:00:00'),
(1600, '214', 'Bognalos', 'Room 228', 'Monday', '15:00:00', '16:00:00'),
(1601, '215', 'Millano', 'Room 206', 'Tuesday', '16:00:00', '17:00:00'),
(1602, '216', 'Evarola', 'Room 183', 'Wednesday', '12:00:00', '13:00:00'),
(1603, '216', 'Evarola', 'Room 218', 'Friday', '08:30:00', '09:30:00'),
(1604, '216', 'Evarola', 'Room 190', 'Thursday', '16:00:00', '17:00:00'),
(1605, '217', 'Noriega', 'Room 144', 'Wednesday', '08:30:00', '09:30:00'),
(1606, '218', 'Ramirez', 'Room 247', 'Wednesday', '12:00:00', '13:00:00'),
(1607, '218', 'Ramirez', 'Room 125', 'Thursday', '09:30:00', '10:30:00'),
(1608, '220', 'Layag', 'Room 132', 'Tuesday', '13:00:00', '14:00:00'),
(1609, '221', 'Gumabon', 'Room 199', 'Saturday', '16:00:00', '17:00:00'),
(1610, '222', 'Alonzo', 'Room 145', 'Thursday', '11:00:00', '12:00:00'),
(1611, '225', 'Alde', 'Room 194', 'Wednesday', '10:30:00', '11:00:00'),
(1612, '225', 'Alde', 'Room 152', 'Wednesday', '14:00:00', '15:00:00'),
(1613, '226', 'Alejo', 'Room 105', 'Thursday', '13:00:00', '14:00:00'),
(1614, '226', 'Alejo', 'Room 109', 'Saturday', '11:00:00', '12:00:00'),
(1615, '227', 'Lati', 'Room 217', 'Tuesday', '07:30:00', '08:30:00'),
(1616, '227', 'Lati', 'Room 194', 'Tuesday', '13:00:00', '14:00:00'),
(1617, '228', 'Orolaza', 'Room 150', 'Thursday', '08:30:00', '09:30:00'),
(1618, '228', 'Orolaza', 'Room 169', 'Tuesday', '16:00:00', '17:00:00'),
(1619, '229', 'Tabones', 'Room 234', 'Thursday', '11:00:00', '12:00:00'),
(1620, '229', 'Tabones', 'Room 104', 'Saturday', '11:00:00', '12:00:00'),
(1621, '232', 'Vallesteros', 'Room 122', 'Tuesday', '16:00:00', '17:00:00'),
(1622, '233', 'Dela Peña', 'Room 200', 'Thursday', '12:00:00', '13:00:00'),
(1623, '234', 'Obedoza', 'Room 113', 'Wednesday', '09:30:00', '10:00:00'),
(1624, '235', 'Fernando', 'Room 207', 'Wednesday', '10:30:00', '11:00:00'),
(1625, '236', 'Acebes', 'Room 184', 'Wednesday', '10:30:00', '11:00:00'),
(1626, '237', 'Berza', 'Room 244', 'Thursday', '12:00:00', '13:00:00'),
(1627, '238', 'Maniba', 'Room 249', 'Friday', '15:00:00', '16:00:00'),
(1628, '239', 'Bacongallo', 'Room 114', 'Friday', '13:00:00', '14:00:00'),
(1629, '239', 'Bacongallo', 'Room 181', 'Saturday', '09:30:00', '10:00:00'),
(1630, '240', 'Valdez', 'Room 132', 'Friday', '12:00:00', '13:00:00'),
(1631, '240', 'Valdez', 'Room 195', 'Tuesday', '10:00:00', '11:00:00'),
(1632, '241', 'Morales', 'Room 168', 'Thursday', '11:00:00', '12:00:00'),
(1633, '241', 'Morales', 'Room 145', 'Saturday', '09:30:00', '10:00:00'),
(1634, '242', 'Abanto', 'Room 206', 'Wednesday', '13:00:00', '14:00:00'),
(1635, '242', 'Abanto', 'Room 215', 'Saturday', '11:00:00', '12:00:00');

-- --------------------------------------------------------

--
-- Table structure for table `sections`
--

DROP TABLE IF EXISTS `sections`;
CREATE TABLE IF NOT EXISTS `sections` (
  `section_id` varchar(10) NOT NULL,
  `program` varchar(50) DEFAULT NULL,
  `year_level` int(11) DEFAULT NULL,
  `num_students` int(11) DEFAULT NULL,
  `section_name` varchar(100) DEFAULT NULL,
  `adviser_last_name` varchar(50) DEFAULT NULL,
  `adviser_first_name` varchar(50) DEFAULT NULL,
  PRIMARY KEY (`section_id`)
) ENGINE=MyISAM DEFAULT CHARSET=utf8mb4 COLLATE=utf8mb4_general_ci;

--
-- Dumping data for table `sections`
--

INSERT INTO `sections` (`section_id`, `program`, `year_level`, `num_students`, `section_name`, `adviser_last_name`, `adviser_first_name`) VALUES
('SEC001', 'Accountancy, Business and Management', 11, 30, 'ABM-11A - OUR LADY OF LA NAVAL', 'Millano', 'Millano'),
('SEC002', 'Accountancy, Business and Management', 12, 40, 'ABM-12A - OUR LADY OF PEACE & GOOD VOYAGE', 'Paulo', 'Paulo'),
('SEC003', 'Science, Technology, Engineering, and Mathematics', 11, 35, 'STEM-11A - OUR LADY MARY HELP OF CHRISTIAN', 'Noriega', 'Noriega'),
('SEC004', 'Science, Technology, Engineering, and Mathematics', 12, 45, 'STEM-12A - OUR LADY OF MANAOAG', 'Bartolome', 'Bartolome'),
('SEC005', 'Humanities and Social Sciences', 11, 32, 'HUMSS-11A - OUR LADY OF CANDELARIA', 'Evarola', 'Evarola'),
('SEC006', 'Humanities and Social Sciences', 12, 42, 'HUMSS-12A - OUR LADY OF THE PILLAR', 'Fernandez', 'Fernandez'),
('SEC007', 'Accountancy, Business and Management', 11, 30, 'ABM-11B - OUR LADY OF LIGHT', 'Tagoy', 'Tagoy'),
('SEC008', 'Accountancy, Business and Management', 12, 40, 'ABM-12B - OUR LADY OF PIAT', 'Bacani', 'Bacani'),
('SEC009', 'Science, Technology, Engineering, and Mathematics', 11, 28, 'STEM-11C - OUR LADY OF ROSE', 'Encarnacion', 'Encarnacion'),
('SEC010', 'Science, Technology, Engineering, and Mathematics', 12, 34, 'STEM-12C - OUR LADY OF PENAFRANCIA', 'Laguidao', 'Laguidao'),
('SEC011', 'Humanities and Social Sciences', 11, 30, 'HUMSS-11B - OUR LADY OF GRACE', 'LANGCAUON', 'LANGCAUON'),
('SEC012', 'Humanities and Social Sciences', 12, 36, 'HUMSS-12B - OUR LADY OF CHARITY', 'Bognalos', 'Bognalos'),
('SEC013', 'Accountancy, Business and Management', 11, 32, 'ABM-11C - OUR LADY, QUEEN OF ANGELS', 'Owit', 'Owit'),
('SEC014', 'Accountancy, Business and Management', 12, 38, 'ABM-12C - OUR LADY, MOTHER OF GOD', 'Tulang', 'Tulang'),
('SEC015', 'Science, Technology, Engineering, and Mathematics', 11, 40, 'STEM-11D - OUR LADY, QUEEN OF HEAVEN', 'Tanguin', 'Tanguin'),
('SEC016', 'Science, Technology, Engineering, and Mathematics', 12, 30, 'STEM-12D -  OUR LADY OF CHARITY', 'Bognalos', 'Bognalos'),
('SEC017', 'Humanities and Social Sciences', 11, 30, 'HUMSS-11C - OUR LADY OF GUADALUPE', 'Jugarap', 'Jugarap'),
('SEC018', 'Humanities and Social Sciences', 12, 35, 'HUMSS-12C - OUR LADY OF FATIMA', 'Alvarez', 'Alvarez'),
('SEC019', 'Accountancy, Business and Management', 11, 30, 'ABM-11D - OUR LADY OF LOURDES', 'Botalon', 'Botalon'),
('SEC020', 'Accountancy, Business and Management', 12, 32, 'ABM-12D - OUR LADY OF LA SALETTE', 'Bitancor', 'Bitancor'),
('SEC021', 'Kindergarten', 0, 20, 'KINDER-1 - OUR LADY OF PEACE', 'Esquilona', 'Esquilona'),
('SEC022', 'Kindergarten', 0, 20, 'KINDER-2 - ST. AGATHA', 'Esquilona', 'Esquilona'),
('SEC023', 'Nursery', 0, 15, 'NURSERY-1 - OUR LADY OF CHARITY', 'Cabique', 'Cabique'),
('SEC024', 'Nursery', 0, 15, 'NURSERY-2 - ST. ALOYSIUS GONZAGA', 'Ignacio', 'Ignacio'),
('SEC025', 'Toddler', 0, 10, 'TODDLER-1 - OUR LADY OF FATIMA', 'Alvarez', 'Alvarez'),
('SEC026', 'Toddler', 0, 10, 'TODDLER-2 - ST. CECILIA', 'Cabique', 'Cabique'),
('SEC027', 'Grade 1', 1, 30, 'GRADE 1A - ST. CHRISTOPHER', 'Ramirez', 'Ramirez'),
('SEC028', 'Grade 1', 1, 30, 'GRADE 1B - ST. PATRICK', 'Esquilona', 'Esquilona'),
('SEC029', 'Grade 1', 1, 30, 'GRADE 1C - ST. ANTHONY OF PADUA', 'Ballesteros', 'Ballesteros'),
('SEC030', 'Grade 2', 2, 30, 'GRADE 2A - ST. JUSTIN', 'Layag', 'Layag'),
('SEC031', 'Grade 2', 2, 30, 'GRADE 2B - ST. FRANCIS XAVIER', 'Gumabon', 'Gumabon'),
('SEC032', 'Grade 2', 2, 30, 'GRADE 2C - ST. LUKE', 'Alonzo', 'Alonzo'),
('SEC033', 'Grade 3', 3, 30, 'GRADE 3A - ST. ANNE', 'Binaluyo', 'Binaluyo'),
('SEC034', 'Grade 3', 3, 30, 'GRADE 3B - ST. CAMILLUS DE LELLIS', 'Napili', 'Napili'),
('SEC035', 'Grade 3', 3, 30, 'GRADE 3C - ST. MARTIN DE PORRES', 'Alde', 'Alde'),
('SEC036', 'Grade 4', 4, 30, 'GRADE 4A - ST. TERESA OF CALCUTTA', 'Alejo', 'Alejo'),
('SEC037', 'Grade 4', 4, 30, 'GRADE 4B - ST. PADRE PIO', 'Lati', 'Lati'),
('SEC038', 'Grade 4', 4, 30, 'GRADE 4C - ST. BLASÉ', 'Orolaza', 'Orolaza'),
('SEC039', 'Grade 5', 5, 30, 'GRADE 5A - ST. LAWRENCE', 'Tabones', 'Tabones'),
('SEC040', 'Grade 5', 5, 30, 'GRADE 5B - ST. ROCH', 'Dela Cruz', 'Dela Cruz'),
('SEC041', 'Grade 5', 5, 30, 'GRADE 5C - ST. FRANCIS OF ASSISI', 'Dinapo', 'Dinapo'),
('SEC042', 'Grade 6', 6, 30, 'GRADE 6A - ST. CLARE', 'Barretto', 'Barretto'),
('SEC043', 'Grade 6', 6, 30, 'GRADE 6B - ST. AGNES', 'Guttierez', 'Guttierez'),
('SEC044', 'Grade 6', 6, 30, 'GRADE 6C - ST. MARIA GORETTI', 'Laque', 'Laque'),
('SEC045', 'Grade 7', 7, 30, 'GRADE 7A - ST. RITA OF CASCIA', 'Odtohan', 'Odtohan'),
('SEC046', 'Grade 7', 7, 30, 'GRADE 7B - ST. ROSE OF LIMA', 'Rimarim', 'Rimarim'),
('SEC047', 'Grade 7', 7, 30, 'GRADE 7C - ST. BLANDINE', 'Delos Santos', 'Delos Santos'),
('SEC048', 'Grade 8', 8, 30, 'GRADE 8A - ST. JHUDIEL', 'Baraquel', 'Baraquel'),
('SEC049', 'Grade 8', 8, 30, 'GRADE 8B - CHERUBIM', 'Cabasbas', 'Cabasbas'),
('SEC050', 'Grade 8', 8, 30, 'GRADE 8C - SERAPHIM', 'Cabasbas', 'Cabasbas'),
('SEC051', 'Grade 9', 9, 30, 'GRADE 9A - ANGEL REMIEL', 'Gante', 'Gante'),
('SEC052', 'Grade 9', 9, 30, 'GRADE 9B - ANGEL OF PEACE', 'Baraquel', 'Baraquel'),
('SEC053', 'Grade 9', 9, 30, 'GRADE 9C - ST. GABRIEL', 'Fructuoso', 'Fructuoso'),
('SEC054', 'Grade 10', 10, 30, 'GRADE 10A - ST. MICHAEL', 'Fructuoso', 'Fructuoso'),
('SEC055', 'Grade 10', 10, 30, 'GRADE 10B - ST. RAPHAEL', 'Gante', 'Gante'),
('SEC056', 'Grade 10', 10, 30, 'GRADE 10C - ST. DOMINIC SAVIO', 'Achapero', 'Achapero'),
('SEC057', 'Grade 10', 10, 30, 'GRADE 10D - ST. JOHN BOSCO', 'Carrasco', 'Carrasco'),
('SEC058', 'Grade 10', 10, 30, 'GRADE 10E - ST. VINCENT FERRER', 'Orbita', 'Orbita'),
('SEC059', 'Grade 10', 10, 30, 'GRADE 10F - ST. JOSEPH OF CUPERTINO', 'DELA CRUZ', 'DELA CRUZ'),
('SEC060', 'Grade 10', 10, 30, 'GRADE 10G - ST. MATTHEW', 'Cadiente', 'Cadiente'),
('SEC061', 'Grade 10', 10, 30, 'GRADE 10H - ST. ANDREW', 'Gabiola', 'Gabiola'),
('SEC062', 'Grade 10', 10, 30, 'GRADE 10I - ST. JAMES', 'Canadilla', 'Canadilla'),
('SEC063', 'Grade 10', 10, 30, 'GRADE 10J - ST. JOHN', 'Manago', 'Manago'),
('SEC064', 'Grade 10', 10, 30, 'GRADE 10K - ST. PAUL', 'De Lara', 'De Lara'),
('SEC065', 'Grade 10', 10, 30, 'GRADE 10L - ST. PETER', 'De Asis', 'De Asis'),
('SEC066', 'Grade 10', 10, 30, 'GRADE 10M - ST. JOHN THE BAPTIST', 'Royeca', 'Royeca'),
('SEC067', 'Grade 10', 10, 30, 'GRADE 10N - ST. LORENZO RUIZ', 'Vallesteros', 'Vallesteros'),
('SEC068', 'Grade 10', 10, 30, 'GRADE 10O - ST. MAXIMILIAN KOLBE', 'Dela Peñ', 'Dela Peñ'),
('SEC069', 'Grade 10', 10, 30, 'GRADE 10P - ST. PEDRO CALUNGSOD', 'Obedoza', 'Obedoza'),
('SEC070', 'Grade 10', 10, 30, 'GRADE 10Q - ST. SEBASTIAN', 'Fernando', 'Fernando'),
('SEC071', 'Grade 10', 10, 30, 'GRADE 10R - ST. AUGUSTINE', 'Acebes', 'Acebes'),
('SEC072', 'Grade 10', 10, 30, 'GRADE 10S - ST. AMBROSE', 'Berza', 'Berza'),
('SEC073', 'Grade 10', 10, 30, 'GRADE 10T - ST. ANSELM', 'Maniba', 'Maniba'),
('SEC074', 'Grade 10', 10, 30, 'GRADE 10U - ST. BONAVENTURE', 'Bacongallo', 'Bacongallo'),
('SEC075', 'Grade 10', 10, 30, 'GRADE 10V - ST. CATHERINE OF SIENA', 'Cabrera', 'Cabrera'),
('SEC076', 'Grade 10', 10, 30, 'GRADE 10W - ST. JEROME', 'Valdez', 'Valdez'),
('SEC077', 'Grade 10', 10, 30, 'GRADE 10X - ST. JOHN PAUL II', 'Morales', 'Morales'),
('SEC078', 'Grade 10', 10, 30, 'GRADE 10Y - ST. ALPHONSUS DE LIGOURI', 'Abanto', 'Abanto');

-- --------------------------------------------------------

--
-- Table structure for table `student`
--

DROP TABLE IF EXISTS `student`;
CREATE TABLE IF NOT EXISTS `student` (
  `id` int(11) NOT NULL AUTO_INCREMENT,
  `school_aide_id` varchar(20) NOT NULL,
  `last_name` varchar(50) NOT NULL,
  `first_name` varchar(50) NOT NULL,
  `rfid` varchar(20) NOT NULL,
  `section` varchar(50) DEFAULT NULL,
  PRIMARY KEY (`id`)
) ENGINE=MyISAM AUTO_INCREMENT=1772 DEFAULT CHARSET=utf8mb4 COLLATE=utf8mb4_general_ci;

--
-- Dumping data for table `student`
--

INSERT INTO `student` (`id`, `school_aide_id`, `last_name`, `first_name`, `rfid`, `section`) VALUES
(114, '2023000145', 'CASIM', 'FRANCE PATRICIA PAMELA DE GUZMAN', '781382499', NULL),
(202, '2015100032', 'FERNANDEZ', 'ANNA KATRINA ABEJAR', '295072275', NULL),
(224, '2020200134', 'GARRIDO', 'TRIXIA MAE AGUILAR', '777102691', NULL),
(261, '2020200265', 'JIAO', 'FRANCHESKA JAYE VILANO', '783575073', NULL),
(335, '2024000006', 'MATIBAG', 'ANN MARJORIE LAPUZ', '811038439', NULL),
(434, '2023000009', 'REGIS', 'GIO MARK LANDAYAN', '162086906', NULL),
(443, '2024000143', 'ROJAS', 'ROSEANNE JADER', '986211642', NULL),
(475, '2021101118', 'SIBAL', 'RODJAN CORDOVA', '162261690', NULL),
(488, '2022000374', 'SUDARA', 'ERIKA MARI TRIPOLI', '115434481', NULL),
(514, '2024000142', 'TRILLANA', 'KATRINA ISABEL VILLANUEVA', '777778753', NULL),
(524, '2023000064', 'UY', 'JOANNA MARIE PABALAN', '555196755', NULL),
(538, '2023000003', 'VILLANUEVA', 'FRANCIS JHULIAN VALERIO', '810848023', NULL),
(598, '2022200557', 'ACUEZA', 'HANS SHYLLA CORRECES', '289342755', NULL),
(600, '2021200221', 'ADVINCULA', 'MARY DEI PEREZ', '959048647', NULL),
(635, '2022200613', 'AMBROSIO', 'AALIYAH JULIANNA SANTOS', '165492625', NULL),
(640, '2022200346', 'ANDRES', 'LOUIENAIRE CRUZ', '270055955', NULL),
(644, '2023200201', 'ANGOBUNG', 'ANGEL ANDREA DELA CRUZ', '858671738', NULL),
(648, '2021200084', 'ANTIPORDA', 'SOPHIA MICHAELA FRANCISCO', '100961121', NULL),
(659, '2021200226', 'ARCE', 'ARIANNE RUTH NICOLE SILVA', '463561697', NULL),
(668, '2022200548', 'ARUALES', 'NIKKI GEAN', '197733562', NULL),
(683, '2008501814', 'AZUR', 'ANNA ANOG', '457764577', NULL),
(693, '2022200294', 'BALAYAN', 'ERYCA ANNE ARCIAGA', '197655914', NULL),
(699, '2019200309', 'BALTAZAR', 'JULLIANE MARIE CAYETANO', '115402769', NULL),
(710, '2022200361', 'BASE', 'JULIA KLARISSE HERRERA', '276689907', NULL),
(717, '2021A00011', 'BAUTISTA', 'LORAINE GRACE CARLOS', '117109009', NULL),
(726, '2021200031', 'BELTRAN', 'CYRILLE DOMINGO', '114855601', NULL),
(732, '2023200204', 'BERDOLAGA', 'KIM SAN PEDRO', '300545027', NULL),
(736, '2021200190', 'BICEN', 'JAMILA JUNTILLA', '491189650', NULL),
(743, '2010500250', 'BOBIS', 'RAINE ANTOINETTE MASBAD', '248179731', NULL),
(761, '2022200006', 'BRIN', 'ANGELEI MARITHE', '268692467', NULL),
(766, '2022200602', 'BUAN', 'RAQUEL JACOB', '285213971', NULL),
(779, '2021200197', 'CABALLES', 'DENISSE ANGELA AGBAYANI', '298474275', NULL),
(789, '2021200052', 'CALAOAGAN', 'MARY BELINDA BASA', '166458273', NULL),
(790, '2022200351', 'CALDERON', 'BIANCA MAE ALFONSO', '153287057', NULL),
(791, '2022200348', 'CALIANGA', 'BEA ANGELINE GERALDO', '453854689', NULL),
(793, '2024200065', 'CALUBAQUIB', 'BIANCA ANGELOU BALUYO', '162209530', NULL),
(801, '2022200303', 'CANLOBO', 'RIANNE HAZEL UGALDE', '829116087', NULL),
(803, '2021200266', 'CANSADO', 'AALIYAH KYLENE REPLAN', '161103802', NULL),
(813, '2023200285', 'CASTOLO', 'ALYSA MAE MALALUAN', '244072483', NULL),
(816, '2007501531', 'CASTRO', 'MAXINE CRYSTELLE DEL ROSARIO', '469288417', NULL),
(841, '2021200032', 'CONSTANTINO', 'RENAE AUNDREA CENTENO', '987351930', NULL),
(851, '2023200042', 'CRESPO', 'DENISE MOIRA CAMARA', '223224995', NULL),
(870, '2020300079', 'CRUZ', 'KIA FADUL', '863093626', NULL),
(872, '2023200082', 'CRUZ', 'KRISTIANNA ELOISE ZAPANTA', '111234337', NULL),
(875, '2024200140', 'CRUZ', 'MYIESHA KAYIN ARANETA', '736724848', NULL),
(876, '2021200195', 'CRUZ', 'NAEOMIE ASHLEY LORENZO', '181418458', NULL),
(877, '2021200194', 'CRUZ', 'NAEOMIE PATRICE LORENZO', '182413738', NULL),
(878, '2021200049', 'CRUZ', 'ROSEANNA MICHELLE CLEMENTE', '810461351', NULL),
(884, '2021200002', 'CUBILLA', 'LEILA TRICIA ABENUMAN', '987838458', NULL),
(894, '2022200622', 'DADO', 'AARYANNA JAE NUNEZ', '249351731', NULL),
(896, '2022200314', 'DALANON', 'SHEEN', '138395041', NULL),
(901, '2023200016', 'DAR', 'AINGELLE JOHNSHLHYNE KHRINSETH MENDOZA', '858840719', NULL),
(902, '2022200612', 'DAUZ', 'CLAIRE DANIELLE BUENO', '235050227', NULL),
(918, '2022200324', 'DE JESUS', 'MA. CEFERINA EMMA GRANADA', '198144842', NULL),
(931, '2023200098', 'DE VERA', 'AALIYAH FRANCESCCA SAGER', '230721699', NULL),
(935, '2021200274', 'DEL MUNDO', 'ANN DANNAH LUMADILLA', '959258615', NULL),
(941, '2023200070', 'DEL VALLE', 'JULIANNE JAYNE KHO', '866760058', NULL),
(944, '2022200320', 'DELA CRUZ', 'DAISY RAIN MANGULABNAN', '289084691', NULL),
(949, '2020300058', 'DELA CRUZ', 'SOPHIA MICHAELAH ARABEJO', '181067834', NULL),
(961, '2023200179', 'DELOS', 'AMA, KEECHEE SIBAYAN', '231234707', NULL),
(972, '2021200135', 'DIAZ', 'THERESE CARMELA RUBIO', '677134394', NULL),
(974, '2021200272', 'DILLENA', 'RITA JANE SABILALA', '462983137', NULL),
(977, '2022200293', 'DINO', 'ZAMAICA GANADE', '251408371', NULL),
(978, '2022200359', 'DIONELA', 'MARION OSIAS', '813893639', NULL),
(984, '2022200507', 'DOMINGO', 'FRANCINE MALLARI', '197232538', NULL),
(985, '2021200198', 'DONATO', 'ZIA LORRAINE GARCIA', '269751587', NULL),
(990, '2022200335', 'DULOG', 'BEATRIZ ISABELLE', '164883649', NULL),
(995, '2022200558', 'EBITA', 'ALYSSA JOSH SALVATIERRA', '155391393', NULL),
(1012, '2022200350', 'ESCAÑO', 'KEETH CORPUZ', '242432835', NULL),
(1047, '2022200001', 'FERNANDEZ', 'JONA MA. LAYA DELIMA', '295923987', NULL),
(1055, '2021200152', 'FLORES', 'KHIRSTEN RAYNE JARIN', '959555159', NULL),
(1067, '2023200257', 'FRANCISCO', 'RENALYN PAJAROJA', '863371930', NULL),
(1077, '2021200218', 'GALVE', 'ATASHA NICOLE FRANCES COLLADO', '829517879', NULL),
(1082, '2021200137', 'GAPAS', 'RUZZLE KAIRA', '986252746', NULL),
(1083, '2021200006', 'GAPIDO', 'MARIA DOMINIQUE SERDON', '497590162', NULL),
(1086, '2017300076', 'GARCIA', 'ANIKA DIANTHA ALYANA BOBIS', '813884215', NULL),
(1088, '2022200419', 'GARCIA', 'JILLIAN CHEYENNE MAÑOSA', '156172673', NULL),
(1092, '2022200364', 'GARCIA', 'TRISHA STEPHANIE', '183326890', NULL),
(1095, '2021200110', 'GATMAYTAN', 'CARMEN ALIYAH MERCEDES REYES', '959518423', NULL),
(1118, '2010500013', 'GUINGON', 'TATIANA LINDA RAMONES', '829702343', NULL),
(1123, '2021200228', 'GUTIERREZ', 'DANICA BEATRIZE CONCEPCION', '695909450', NULL),
(1129, '2020300097', 'HADJIRUL', 'CHRISTIANNE KELSEY ROQUE', '813668023', NULL),
(1133, '2022200560', 'HERNANDEZ', 'MA. GABRIELLA BAQUIRAN', '183382330', NULL),
(1142, '2022200633', 'IGNACIO', 'RIZZAINE SANTOS', '166510737', NULL),
(1143, '2023200017', 'IGNACIO', 'YESHA JANYNNE CRUZ', '864578170', NULL),
(1144, '2023200047', 'ILAGAN', 'MIKAELA MAY BITUIN', '858358650', NULL),
(1155, '2021200123', 'JAO', 'JAEMARIE REIGN TECSON', '301727763', NULL),
(1162, '2021200258', 'JUNSAY', 'NICE CARLENE GAVIOLA', '695453178', NULL),
(1169, '2021200094', 'KWAN', 'HANNAH DEBORAH MERCADO', '277743907', NULL),
(1178, '2022200399', 'LAMANO', 'DIANE MARGARETTE NATIVIDAD', '829570487', NULL),
(1183, '2022200319', 'LAO', 'SHEAN NATHALIE AMATA', '198071514', NULL),
(1184, '2010500113', 'LAPESURA', 'CARMELA ADOR', '183379962', NULL),
(1190, '2022200291', 'LAZARO', 'LEIANNE MEDINA', '974742119', NULL),
(1199, '2022200286', 'LEGASPI', 'ROBYNNE GAILE CLEOFAS', '495911570', NULL),
(1206, '2022200555', 'LIZARDO', 'ASHLEY NICOLE BAUTISTA', '197626666', NULL),
(1209, '2019A00061', 'LLENA', 'DIANNE CLAIRE BALVERDE', '958661527', NULL),
(1224, '2024200293', 'MABUSING', 'ABDUL MUEED ANAM', '857346682', NULL),
(1232, '2022200549', 'MADRIGAL', 'EIRALIZ GUBI', '157288129', NULL),
(1238, '2021300026', 'MAGLONZO', 'SHANE MARIE UY', '872044938', NULL),
(1241, '2023200102', 'MALAPAD', 'CHARLOTTE ANNE PANGAN', '866958442', NULL),
(1245, '2022200406', 'MANABAT', 'PAMELA MAE NACIANCENO', '298390803', NULL),
(1248, '2009401608', 'MANANGHAYA', 'FELICIA ANTONINA BOLHAYON', '166035889', NULL),
(1263, '2019200331', 'MARCOS', 'NICOLE ANDRE VISAYA', '810878743', NULL),
(1266, '2012400062', 'MARIANO', 'ANNETTE GUEVARRA', '181689834', NULL),
(1272, '2015900020', 'MARTINEZ', 'LUCIA FERNANDEZ', '829677943', NULL),
(1286, '2022200609', 'MELENDRES', 'SAMANTHA MICKAELA AGUILAR', '295596323', NULL),
(1302, '2022200404', 'MINDO', 'RHEVIECHEN ARSZEN MUNGCAL', '288192275', NULL),
(1308, '2021200245', 'MONJE', 'HANA MARIE VENTURA', '988553194', NULL),
(1311, '2020200107', 'MONTON', 'NEA PEREZ', '153882801', NULL),
(1313, '2019300165', 'MORALEJO', 'SOPHIA NICOLE PANGILINAN', '999723402', NULL),
(1316, '2020200293', 'MORILLO', 'CLAUDETTE SALALIMA', '975669767', NULL),
(1319, '2022200413', 'MUECO', 'HALLE BEATRICE DOLATRE', '156796577', NULL),
(1331, '2020200051', 'NARIDA', 'ALYSSA MARIE GADUYON', '286035715', NULL),
(1333, '2022200388', 'NATIVIDAD', 'COLLEEN BONDOY', '245925411', NULL),
(1339, '2021200050', 'NAVIDA', 'PAULINE LOUISE TAN', '454718673', NULL),
(1342, '2008501939', 'NERI', 'PAULINE GOLDA DE GUZMAN', '103931089', NULL),
(1350, '2023200009', 'NICOLAS', 'ROBERTA MIGUELLA MARIA ALONZO', '872157562', NULL),
(1366, '2023200148', 'ORDOÑEZ', 'EDRIZA ANGELICA AQUINO', '855830378', NULL),
(1369, '2024200222', 'ORONCE', 'JOYCE PATRICIA BARTOLOME', '238682691', NULL),
(1374, '2021200138', 'OSORMAN', 'YCKAH FRANCEZ SALANDANAN', '860200826', NULL),
(1375, '2022200005', 'PABALAN', 'ELYANNA LOUISSE IBASCO', '197884794', NULL),
(1383, '2010500173', 'PAHATE', 'NINA ISABELLA GIL', '856740202', NULL),
(1385, '2022200529', 'PALARA', 'ALEXIS ANDREE AMORANTO', '959633239', NULL),
(1397, '2022200382', 'PARCON', 'ELLA REIGN LORENO', '497915234', NULL),
(1404, '2015900090', 'PATIGDAS', 'SHANE', '861816186', NULL),
(1406, '2020200099', 'PAYUMO', 'MARION ADRIANA ROCCINI', '975636599', NULL),
(1411, '2023200172', 'PELAGO', 'ROSARIO MARI GARCIA', '223928963', NULL),
(1415, '2022200391', 'PEPITO', 'JULLIANNE SANTILLAN', '575216132', NULL),
(1419, '2022200334', 'PEREZ', 'KRISHNA ARGONCILLO', '292193027', NULL),
(1420, '2022200559', 'PHANKWAN', 'DARINEE TRISHIA CRUZ', '290925075', NULL),
(1425, '2022200566', 'PINLAC', 'FRANCESE THERESE ANDALE', '168299841', NULL),
(1430, '2021200097', 'POLICARPIO', 'DOMINIQUE ALTHEA LANDICHO', '986576474', NULL),
(1431, '2021300004', 'POSAS', 'SELEENA MICHAELA SALAZAR', '241323091', NULL),
(1432, '2009502433', 'PRINCIPE', 'MAIE GABRIELLE VILLAROMAN', '737768560', NULL),
(1437, '2022200318', 'QUA', 'MAI CHESKA YE-SHA BERNABE', '975659495', NULL),
(1439, '2023200014', 'QUERI', 'ANGELICA NICOLE MEDINA', '810393479', NULL),
(1441, '2022200358', 'QUIAMBAO', 'ZARINA FRANCES RUSTIA', '281968915', NULL),
(1443, '2021200188', 'QUIJANO', 'MAXINE ISABEL PEREZ', '811615927', NULL),
(1451, '2021200242', 'RADAZA', 'SHERMILYN FAITH SABANGAN', '959050679', NULL),
(1457, '2022200004', 'RAMIRO', 'IVY LORAINE RIBANO', '241346611', NULL),
(1462, '2021200249', 'RAMOS', 'MAYUMI ISABEL CACHO', '905251542', NULL),
(1464, '2022200397', 'RAMOS', 'NISHY SALAZAR', '975526727', NULL),
(1468, '2009502340', 'RAZA', 'AEZIEN ZERI SADAYA', '155797441', NULL),
(1469, '2018200229', 'REBUENO', 'KRISTIENNE VICTORIA ENRIQUEZ', '767857077', NULL),
(1484, '2021200036', 'RIVERA', 'AUBREY BEATRIZ GABAON', '999034138', NULL),
(1487, '2023200143', 'RIVERA', 'MIKHAILA KAROLYNE TIU', '108326929', NULL),
(1497, '2022200563', 'ROLLOQUE', 'MARIA IVYZA DALA', '497759680', NULL),
(1498, '2023200011', 'ROMERO', 'KATREENA DAWN SIASOCO', '858750330', NULL),
(1504, '2022200345', 'ROQUE', 'JULIANA CHAUNCY BALAGTAS', '285764883', NULL),
(1505, '2021200099', 'ROSALES', 'CLARISSA MAE DE GUZMAN', '999474858', NULL),
(1509, '2023200159', 'ROSLOVTSEV', 'MARIA NATALIA LEE', '230803075', NULL),
(1513, '2024200162', 'RUEDA', 'SAMANTHA NICOLE ANDRES', '811294663', NULL),
(1524, '2022200635', 'SALINAS', 'JULIA VIKTORIA RARELA', '155813057', NULL),
(1529, '2021200217', 'SALVADOR', 'JAZMIN FRANCISCO', '300778771', NULL),
(1530, '2022200342', 'SAMONTE', 'CRYSTAL NICOLE GONZALES', '301928451', NULL),
(1536, '2022200299', 'SANCHEZ', 'CLAIRE YVONNE', '959261671', NULL),
(1539, '2023200185', 'SANGAO', 'MILEVA ALEXANDRIA GARZON', '182729562', NULL),
(1540, '2023200057', 'SANTA', 'ANA , MARTINA ALEXIE GAN', '228312451', NULL),
(1542, '2022200516', 'SANTIAGO', 'RIANNA MAE BENITEZ', '165270689', NULL),
(1544, '2022200310', 'SANTIAGO', 'CHRISTINE JOY MENDOZA', '198036874', NULL),
(1545, '2023200100', 'SANTIAGO', 'SOPHIA BIANCA RAMOS', '161345425', NULL),
(1564, '2021200066', 'SARMIENTO', 'AMANDA ROCIO CARRIEDO', '284326643', NULL),
(1567, '2008502009', 'SARMIENTO', 'SABYNE MARIA LAMASAN', '577573793', NULL),
(1574, '2011400062', 'SEGUNDERA', 'SOPHIA MIKAELA SISON', '813685127', NULL),
(1579, '2023200055', 'SESPEÑE', 'ALGE LYN NALDOZA', '865706874', NULL),
(1580, '2009502600', 'SHARMA', 'MEHAK', '182790778', NULL),
(1581, '2022200584', 'SIGUAN', 'KRISTINE MARGARETTE GARCHITORENA', '231591811', NULL),
(1582, '2022200400', 'SIJERA', 'HANNAH EXUPERY ABID', '197780314', NULL),
(1584, '2022200411', 'SIKAT', 'CHRISTINE ANN PONCE', '813113063', NULL),
(1586, '2021200023', 'SIMEON', 'BRAEDEN GIAN DALE CRUZ', '197614938', NULL),
(1593, '2021200041', 'SOLANGON', 'JONNI MAE SUMAYLO', '558205267', NULL),
(1598, '2022200336', 'SOLLEGUE', 'SENDRICA SIMONE VALDEZ', '287994627', NULL),
(1604, '2018200259', 'SORIA', 'BIANCA ANGELA ACUÑA', '670929173', NULL),
(1611, '2022200347', 'SORRIANO', 'EFA MAE GARCIA', '197194026', NULL),
(1625, '2022200544', 'SY', 'ALYSSA NICOLE GAVIOLA', '292652035', NULL),
(1628, '2023200131', 'TABAGO', 'MARIA ISABELLE PAGTAMA', '154466977', NULL),
(1630, '2021200009', 'TABUCOL', 'ERIN SAMANTHA VIDAL', '276431651', NULL),
(1635, '2023200020', 'TAGUINOD', 'FRANCINE AALIYANAH FLORES', '859745386', NULL),
(1636, '2023200037', 'TALABIS', 'LYKA ALECXIS JAVIER', '198978698', NULL),
(1643, '2022200538', 'TANTE', 'PRINCESS JEBERLYN PICO', '162113953', NULL),
(1644, '2022200308', 'TANYAG', 'MARGARET OLIVE ESPERANZA', '812995751', NULL),
(1649, '2021200175', 'TEMPLO', 'PAMELA BEATRICE ROBLES', '987984922', NULL),
(1650, '2012400113', 'TENDILLA', 'JHUNIZZ YZABHEL RUPA', '858278522', NULL),
(1651, '2023200226', 'TENMATAY', 'MONETTE ROSE FERNANDEZ', '223136387', NULL),
(1670, '2021200153', 'TORRES', 'MIKHAELA NICOLE', '182108506', NULL),
(1672, '2024200128', 'TRESPECES', 'MA. ALTHEA YVEZ', '37277626', NULL),
(1676, '2022200003', 'TUAZON', 'JIZELLE ROSE JOCSON', '197015466', NULL),
(1679, '2022200375', 'TUMAPAT', 'JULIA ARWEN SOCORIN', '176929809', NULL),
(1685, '2023200175', 'UMAYAM', 'ZHARLICE LIM', '226473875', NULL),
(1693, '2022200300', 'VALERA', 'DARLA ROSELYN VELASCO', '291655955', NULL),
(1705, '2023200034', 'VERGARA', 'MIKHAILA DOMINIQUE MARIANO', '104066577', NULL),
(1710, '2021200204', 'VERZO', 'ZOE NICOLA MARTINEZ', '151051169', NULL),
(1722, '2021200183', 'VILLAMOR', 'LAUREN JACQUELINE CAPISTRANO', '576839825', NULL),
(1723, '2021200018', 'VILLANO', 'PATRICIA SOPHIA TONGSON', '454844897', NULL),
(1724, '2022200620', 'VILLANUEVA', 'CAMILLE VICTORIA AQUIAS', '163834001', NULL),
(1729, '2021200095', 'VILLANUEVA', 'STEPHANIE AMBER DIZON', '999716298', NULL),
(1742, '2015900106', 'YADORI', 'AALIYAH MAOWI GERILLA', '101408241', NULL),
(1762, '2020200307', 'ZINGALAWA', 'LHY-AR MORALES', '320222054', NULL),
(1771, '2023200048', 'GONZALES', 'GIANNAH DE VERA', '231017107', NULL);

-- --------------------------------------------------------

--
-- Table structure for table `subjects`
--

DROP TABLE IF EXISTS `subjects`;
CREATE TABLE IF NOT EXISTS `subjects` (
  `subject_code` varchar(20) NOT NULL,
  `subject_name` varchar(255) DEFAULT NULL,
  `year_level` varchar(50) DEFAULT NULL,
  `program` varchar(255) DEFAULT NULL,
  `hours_per_week` int(11) DEFAULT NULL,
  `semester` int(11) DEFAULT NULL,
  PRIMARY KEY (`subject_code`)
) ENGINE=MyISAM AUTO_INCREMENT=243 DEFAULT CHARSET=utf8mb4 COLLATE=utf8mb4_general_ci;

--
-- Dumping data for table `subjects`
--

INSERT INTO `subjects` (`subject_code`, `subject_name`, `year_level`, `program`, `hours_per_week`, `semester`) VALUES
('1', 'Filipino 7', 'Grade 7', 'Grade 7', 3, NULL),
('2', 'English 7', 'Grade 7', 'Grade 7', 4, NULL),
('3', 'Mathematics 7', 'Grade 7', 'Grade 7', 4, NULL),
('4', 'Science & Health 7', 'Grade 7', 'Grade 7', 4, NULL),
('5', 'Araling Panlipunan 7', 'Grade 7', 'Grade 7', 3, NULL),
('6', 'Christian Living Education 7', 'Grade 7', 'Grade 7', 3, NULL),
('7', 'MAPEH 7', 'Grade 7', 'Grade 7', 3, NULL),
('8', 'TLE 7', 'Grade 7', 'Grade 7', 2, NULL),
('9', 'Filipino 8', 'Grade 8', 'Grade 8', 3, NULL),
('10', 'English 8', 'Grade 8', 'Grade 8', 3, NULL),
('11', 'Mathematics 8', 'Grade 8', 'Grade 8', 3, NULL),
('12', 'Science & Health 8', 'Grade 8', 'Grade 8', 3, NULL),
('13', 'Araling Panlipunan 8', 'Grade 8', 'Grade 8', 3, NULL),
('14', 'Christian Living Education 8', 'Grade 8', 'Grade 8', 3, NULL),
('15', 'MAPEH 8', 'Grade 8', 'Grade 8', 3, NULL),
('16', 'TLE 8', 'Grade 8', 'Grade 8', 2, NULL),
('17', 'Filipino 9', 'Grade 9', 'Grade 9', 3, NULL),
('18', 'English 9', 'Grade 9', 'Grade 9', 3, NULL),
('19', 'Mathematics 9', 'Grade 9', 'Grade 9', 3, NULL),
('20', 'Science & Health 9', 'Grade 9', 'Grade 9', 3, NULL),
('21', 'Araling Panlipunan 9', 'Grade 9', 'Grade 9', 3, NULL),
('22', 'Christian Living Education 9', 'Grade 9', 'Grade 9', 3, NULL),
('23', 'MAPEH 9', 'Grade 9', 'Grade 9', 3, NULL),
('24', 'TLE 9', 'Grade 9', 'Grade 9', 2, NULL),
('25', 'Filipino 10', 'Grade 10', 'Grade 10', 3, NULL),
('26', 'English 10', 'Grade 10', 'Grade 10', 3, NULL),
('27', 'Mathematics 10', 'Grade 10', 'Grade 10', 3, NULL),
('28', 'Science & Health 10', 'Grade 10', 'Grade 10', 3, NULL),
('29', 'Araling Panlipunan 10', 'Grade 10', 'Grade 10', 3, NULL),
('30', 'Christian Living Education 10', 'Grade 10', 'Grade 10', 3, NULL),
('31', 'MAPEH 10', 'Grade 10', 'Grade 10', 3, NULL),
('32', 'TLE 10', 'Grade 10', 'Grade 10', 2, NULL),
('33', 'Faith in the Light of the Epistles of Paul 1', 'Grade 11', 'Accountancy, Business and Management', 2, 1),
('34', 'Faith in the Light of the Epistles of Paul 1', 'Grade 11', 'Science, Technology, Engineering, and Mathematics', 2, 1),
('35', 'Oral Communication', 'Grade 11', 'Humanities and Social Sciences', 2, 1),
('36', 'Oral Communication', 'Grade 11', 'Science, Technology, Engineering, and Mathematics', 2, 1),
('37', 'Organization and Management', 'Grade 11', 'Accountancy, Business and Management', 3, 1),
('38', 'Business Math', 'Grade 11', 'Accountancy, Business and Management', 3, 1),
('39', 'Fundamentals of Accountancy, Business and Mgnt 1', 'Grade 11', 'Accountancy, Business and Management', 3, 2),
('40', 'Komunikasyon at Pananaliksik sa Wika at Kulturang Filipino', 'Grade 11', 'Humanities and Social Sciences', 2, 1),
('41', 'Komunikasyon at Pananaliksik sa Wika at Kulturang Filipino', 'Grade 11', 'Science, Technology, Engineering, and Mathematics', 2, 1),
('42', 'Applied Economics', 'Grade 12', 'Accountancy, Business and Management', 3, 1),
('43', 'Fundamentals of Accountancy, Business and Mgnt 2', 'Grade 12', 'Accountancy, Business and Management', 3, 1),
('44', 'Principles of Marketing', 'Grade 11', 'Accountancy, Business and Management', 3, 2),
('45', 'Business Finance', 'Grade 12', 'Accountancy, Business and Management', 3, 2),
('46', 'Business Ethics and Social Responsibility', 'Grade 12', 'Accountancy, Business and Management', 3, 2),
('47', 'Work Immersion/Business Enterprise Simulation', 'Grade 12', 'Accountancy, Business and Management', 3, 2),
('48', 'Contemporary Philippine Arts from the Regions', 'Grade 12', 'Accountancy, Business and Management', 2, 1),
('49', 'Contemporary Philippine Arts from the Regions', 'Grade 12', 'Humanities and Social Sciences', 2, 1),
('50', 'Contemporary Philippine Arts from the Regions', 'Grade 12', 'Science, Technology, Engineering, and Mathematics', 2, 1),
('51', 'Understanding Culture, Society, and Politics', 'Grade 12', 'Accountancy, Business and Management', 2, 1),
('52', 'Understanding Culture, Society, and Politics', 'Grade 12', 'Humanities and Social Sciences', 2, 1),
('53', 'Understanding Culture, Society, and Politics', 'Grade 12', 'Science, Technology, Engineering, and Mathematics', 2, 1),
('54', 'Physical Education and Health 3', 'Grade 12', 'Accountancy, Business and Management', 2, 1),
('55', 'Physical Education and Health 3', 'Grade 12', 'Humanities and Social Sciences', 2, 1),
('56', 'Physical Education and Health 3', 'Grade 12', 'Science, Technology, Engineering, and Mathematics', 2, 1),
('57', 'Catholic Social Teaching', 'Grade 12', 'Accountancy, Business and Management', 2, 2),
('58', 'Catholic Social Teaching', 'Grade 12', 'Humanities and Social Sciences', 2, 2),
('59', 'Catholic Social Teaching', 'Grade 12', 'Science, Technology, Engineering, and Mathematics', 2, 2),
('60', 'Media and Information Literacy', 'Grade 12', 'Accountancy, Business and Management', 2, 2),
('61', 'Media and Information Literacy', 'Grade 12', 'Humanities and Social Sciences', 2, 2),
('62', 'Media and Information Literacy', 'Grade 12', 'Science, Technology, Engineering, and Mathematics', 2, 2),
('63', 'Physical Education and Health 4', 'Grade 12', 'Accountancy, Business and Management', 2, 2),
('64', 'Physical Education and Health 4', 'Grade 12', 'Humanities and Social Sciences', 2, 2),
('65', 'Physical Education and Health 4', 'Grade 12', 'Science, Technology, Engineering, and Mathematics', 2, 2),
('66', 'Practical Research 2', 'Grade 11', 'Accountancy, Business and Management', 2, 2),
('67', 'Practical Research 2', 'Grade 11', 'Humanities and Social Sciences', 2, 2),
('68', 'Practical Research 2', 'Grade 11', 'Science, Technology, Engineering, and Mathematics', 2, 2),
('69', 'Entrepreneurship', 'Grade 12', 'Accountancy, Business and Management', 2, 1),
('70', 'Entrepreneurship', 'Grade 12', 'Humanities and Social Sciences', 2, 1),
('71', 'Entrepreneurship', 'Grade 12', 'Science, Technology, Engineering, and Mathematics', 2, 1),
('72', 'Inquiries, Investigations and Immersion', 'Grade 12', 'Humanities and Social Sciences', 2, 1),
('73', 'Inquiries, Investigations and Immersion', 'Grade 12', 'Accountancy, Business and Management', 2, 1),
('74', 'Inquiries, Investigations and Immersion', 'Grade 12', 'Science, Technology, Engineering, and Mathematics', 2, 1),
('75', 'Physical Education and Health 2', 'Grade 11', 'Accountancy, Business and Management', 2, 2),
('76', 'Komunikasyon at Pananaliksik sa Wika at Kulturang Filipino', 'Grade 11', 'Accountancy, Business and Management', 2, 1),
('77', 'General Mathematics', 'Grade 11', 'Accountancy, Business and Management', 2, 1),
('78', 'General Mathematics', 'Grade 11', 'Humanities and Social Sciences', 2, 1),
('79', 'General Mathematics', 'Grade 11', 'Science, Technology, Engineering, and Mathematics', 2, 1),
('80', 'Earth and Life Science', 'Grade 11', 'Accountancy, Business and Management', 2, 1),
('81', 'Earth and Life Science', 'Grade 11', 'Humanities and Social Sciences', 2, 1),
('82', 'Earth and Life Science', 'Grade 11', 'Science, Technology, Engineering, and Mathematics', 2, 1),
('83', '21st Century Literature from the Philippines and the World', 'Grade 11', 'Accountancy, Business and Management', 2, 1),
('84', '21st Century Literature from the Philippines and the World', 'Grade 11', 'Humanities and Social Sciences', 2, 1),
('85', '21st Century Literature from the Philippines and the World', 'Grade 11', 'Science, Technology, Engineering, and Mathematics', 2, 1),
('86', 'Physical Education and Health 1', 'Grade 11', 'Accountancy, Business and Management', 2, 1),
('87', 'Physical Education and Health 1', 'Grade 11', 'Humanities and Social Sciences', 2, 1),
('88', 'Physical Education and Health 1', 'Grade 11', 'Science, Technology, Engineering, and Mathematics', 2, 1),
('89', 'Faith in the Light of the Epistles of Paul 2', 'Grade 11', 'Accountancy, Business and Management', 2, 2),
('90', 'Faith in the Light of the Epistles of Paul 2', 'Grade 11', 'Humanities and Social Sciences', 2, 2),
('91', 'Faith in the Light of the Epistles of Paul 2', 'Grade 11', 'Science, Technology, Engineering, and Mathematics', 2, 2),
('92', 'Reading and Writing Skills', 'Grade 11', 'Accountancy, Business and Management', 2, 2),
('93', 'Reading and Writing Skills', 'Grade 11', 'Humanities and Social Sciences', 2, 2),
('94', 'Reading and Writing Skills', 'Grade 11', 'Science, Technology, Engineering, and Mathematics', 2, 1),
('95', 'Pagbasa at Pagsusuri ng Iba\'t ibang Teksto Tungo sa Pananaliksik', 'Grade 11', 'Accountancy, Business and Management', 2, 2),
('96', 'Pagbasa at Pagsusuri ng Iba\'t ibang Teksto Tungo sa Pananaliksik', 'Grade 11', 'Humanities and Social Sciences', 2, 2),
('97', 'Pagbasa at Pagsusuri ng Iba\'t ibang Teksto Tungo sa Pananaliksik', 'Grade 11', 'Science, Technology, Engineering, and Mathematics', 2, 2),
('98', 'Statistics and Probability', 'Grade 11', 'Accountancy, Business and Management', 2, 2),
('99', 'Statistics and Probability', 'Grade 11', 'Humanities and Social Sciences', 2, 2),
('100', 'Statistics and Probability', 'Grade 11', 'Science, Technology, Engineering, and Mathematics', 2, 2),
('101', 'Physical Science', 'Grade 11', 'Accountancy, Business and Management', 2, 2),
('102', 'Physical Science', 'Grade 11', 'Humanities and Social Sciences', 2, 2),
('103', 'Personal Development', 'Grade 11', 'Accountancy, Business and Management', 2, 2),
('104', 'Personal Development', 'Grade 11', 'Humanities and Social Sciences', 2, 2),
('105', 'Personal Development', 'Grade 11', 'Science, Technology, Engineering, and Mathematics', 2, 2),
('106', 'Physical Education and Health 2', 'Grade 11', 'Humanities and Social Sciences', 2, 2),
('107', 'Physical Education and Health 2', 'Grade 11', 'Science, Technology, Engineering, and Mathematics', 2, 2),
('108', 'Empowerment Technologies', 'Grade 11', 'Accountancy, Business and Management', 2, 1),
('109', 'Empowerment Technologies', 'Grade 11', 'Humanities and Social Sciences', 2, 1),
('110', 'Empowerment Technologies', 'Grade 11', 'Science, Technology, Engineering, and Mathematics', 2, 1),
('111', 'Practical Research 1', 'Grade 11', 'Accountancy, Business and Management', 2, 1),
('112', 'Practical Research 1', 'Grade 11', 'Humanities and Social Sciences', 2, 1),
('113', 'Practical Research 1', 'Grade 11', 'Science, Technology, Engineering, and Mathematics', 2, 1),
('114', 'English for Academic and Professional Purposes', 'Grade 11', 'Accountancy, Business and Management', 2, 2),
('115', 'English for Academic and Professional Purposes', 'Grade 11', 'Humanities and Social Sciences', 2, 2),
('116', 'English for Academic and Professional Purposes', 'Grade 11', 'Science, Technology, Engineering, and Mathematics', 2, 2),
('117', 'Pagsulat sa Filipino sa Piling Larangan (Akademik)', 'Grade 12', 'Accountancy, Business and Management', 2, 2),
('118', 'Pagsulat sa Filipino sa Piling Larangan (Akademik)', 'Grade 12', 'Humanities and Social Sciences', 2, 2),
('119', 'Pagsulat sa Filipino sa Piling Larangan (Akademik)', 'Grade 12', 'Science, Technology, Engineering, and Mathematics', 2, 2),
('120', 'Theology of the Body', 'Grade 12', 'Accountancy, Business and Management', 2, 2),
('121', 'Theology of the Body', 'Grade 12', 'Humanities and Social Sciences', 2, 1),
('122', 'Theology of the Body', 'Grade 12', 'Science, Technology, Engineering, and Mathematics', 2, 1),
('123', 'Introduction to Philosophy of the Human Person', 'Grade 12', 'Accountancy, Business and Management', 2, 1),
('124', 'Introduction to Philosophy of the Human Person', 'Grade 12', 'Humanities and Social Sciences', 2, 1),
('125', 'Introduction to Philosophy of the Human Person', 'Grade 12', 'Science, Technology, Engineering, and Mathematics', 2, 1),
('126', 'Philippine Politics and Governance', 'Grade 11', 'Humanities and Social Sciences', 3, 1),
('127', 'Discipline and Ideas in Social Sciences', 'Grade 11', 'Humanities and Social Sciences', 3, 1),
('128', 'Intro to World Religions and Belief System', 'Grade 11', 'Humanities and Social Sciences', 3, 2),
('129', 'Discipline and Ideas in Applied Social Science', 'Grade 11', 'Humanities and Social Sciences', 3, 2),
('130', 'Community Engagement, Solidarity and Citizenship', 'Grade 12', 'Humanities and Social Sciences', 3, 1),
('131', 'Creative Writing', 'Grade 12', 'Humanities and Social Sciences', 3, 1),
('132', 'Trends, Networks and Critical Thinking in the 21st Century Culture', 'Grade 12', 'Humanities and Social Sciences', 3, 2),
('133', 'Creative Non-Fiction', 'Grade 12', 'Humanities and Social Sciences', 3, 2),
('134', 'Work Immersion/Culminating Activity', 'Grade 12', 'Humanities and Social Sciences', 3, 2),
('135', 'Pre-Calculus', 'Grade 11', 'Science, Technology, Engineering, and Mathematics', 3, 1),
('136', 'General Biology 1', 'Grade 11', 'Science, Technology, Engineering, and Mathematics', 3, 2),
('137', 'Basic Calculus', 'Grade 11', 'Science, Technology, Engineering, and Mathematics', 3, 2),
('138', 'General Biology 2', 'Grade 11', 'Science, Technology, Engineering, and Mathematics', 3, 2),
('139', 'General Physics 1', 'Grade 12', 'Science, Technology, Engineering, and Mathematics', 3, 1),
('140', 'General Chemistry 1', 'Grade 12', 'Science, Technology, Engineering, and Mathematics', 3, 1),
('141', 'General Physics 2', 'Grade 12', 'Science, Technology, Engineering, and Mathematics', 3, 2),
('142', 'General Chemistry 2', 'Grade 12', 'Science, Technology, Engineering, and Mathematics', 3, 2),
('143', 'Work Immersion/Capstone Project', 'Grade 12', 'Science, Technology, Engineering, and Mathematics', 3, 2),
('144', 'Reading and Literacy 1', 'Grade 1', 'Grade 1', 1, NULL),
('145', 'Reading and Literacy 2', 'Grade 2', 'Grade 2', 1, NULL),
('146', 'Reading and Literacy 3', 'Grade 3', 'Grade 3', 1, NULL),
('147', 'Reading and Literacy 4', 'Grade 4', 'Grade 4', 1, NULL),
('148', 'Reading and Literacy 5', 'Grade 5', 'Grade 5', 1, NULL),
('149', 'Reading and Literacy 6', 'Grade 6', 'Grade 6', 1, NULL),
('150', 'Reading and Literacy', 'Grade 7', 'Grade 7', 1, NULL),
('151', 'Reading and Literacy', 'Grade 8', 'Grade 8', 1, NULL),
('152', 'Reading and Literacy', 'Grade 9', 'Grade 9', 1, NULL),
('153', 'Reading and Literacy', 'Grade 10', 'Grade 10', 1, NULL),
('154', 'Language 1', 'Grade 1', 'Grade 1', 3, NULL),
('155', 'Mathematics 1', 'Grade 1', 'Grade 1', 4, NULL),
('156', 'Christian Living Education 1', 'Grade 1', 'Grade 1', 3, NULL),
('157', 'Makabansa 1', 'Grade 1', 'Grade 1', 3, NULL),
('158', 'Computer 1', 'Grade 1', 'Grade 1', 1, NULL),
('159', 'Paulinian Writing 1', 'Grade 1', 'Grade 1', 1, NULL),
('160', 'Filipino 2', 'Grade 2', 'Grade 2', 3, NULL),
('161', 'English 2', 'Grade 2', 'Grade 2', 3, NULL),
('162', 'Mathematics 2', 'Grade 2', 'Grade 2', 4, NULL),
('163', 'Araling Panlipunan 2', 'Grade 2', 'Grade 2', 3, NULL),
('164', 'Christian Living Education 2', 'Grade 2', 'Grade 2', 3, NULL),
('165', 'MAPEH 2', 'Grade 2', 'Grade 2', 3, NULL),
('166', 'Computer 2', 'Grade 2', 'Grade 2', 1, NULL),
('167', 'Paulinian Writing 2', 'Grade 2', 'Grade 2', 1, NULL),
('168', 'Filipino 3', 'Grade 3', 'Grade 3', 3, NULL),
('169', 'English 3', 'Grade 3', 'Grade 3', 3, NULL),
('170', 'Mathematics 3', 'Grade 3', 'Grade 3', 4, NULL),
('171', 'Science & Health 3', 'Grade 3', 'Grade 3', 3, NULL),
('172', 'Araling Panlipunan 3', 'Grade 3', 'Grade 3', 3, NULL),
('173', 'Christian Living Education 3', 'Grade 3', 'Grade 3', 3, NULL),
('174', 'MAPEH 3', 'Grade 3', 'Grade 3', 3, NULL),
('175', 'Computer 3', 'Grade 3', 'Grade 3', 1, NULL),
('176', 'Paulinian Writing 3', 'Grade 3', 'Grade 3', 1, NULL),
('177', 'Filipino 4', 'Grade 4', 'Grade 4', 3, NULL),
('178', 'English 4', 'Grade 4', 'Grade 4', 4, NULL),
('179', 'Mathematics 4', 'Grade 4', 'Grade 4', 4, NULL),
('180', 'Science & Health 4', 'Grade 4', 'Grade 4', 4, NULL),
('181', 'Christian Living Education 4', 'Grade 4', 'Grade 4', 3, NULL),
('182', 'MAPEH 4', 'Grade 4', 'Grade 4', 3, NULL),
('183', 'Computer 4', 'Grade 4', 'Grade 4', 2, NULL),
('184', 'HELE 4', 'Grade 4', 'Grade 4', 2, NULL),
('185', 'Araling Panlipunan 4', 'Grade 4', 'Grade 4', 3, NULL),
('186', 'Filipino 5', 'Grade 5', 'Grade 5', 3, NULL),
('187', 'English 5', 'Grade 5', 'Grade 5', 3, NULL),
('188', 'Mathematics 5', 'Grade 5', 'Grade 5', 4, NULL),
('189', 'Science & Health 5', 'Grade 5', 'Grade 5', 3, NULL),
('190', 'Araling Panlipunan 5', 'Grade 5', 'Grade 5', 3, NULL),
('191', 'Christian Living Education 5', 'Grade 5', 'Grade 5', 3, NULL),
('192', 'MAPEH 5', 'Grade 5', 'Grade 5', 3, NULL),
('193', 'Computer 5', 'Grade 5', 'Grade 5', 2, NULL),
('194', 'HELE 5', 'Grade 5', 'Grade 5', 2, NULL),
('195', 'Filipino 6', 'Grade 6', 'Grade 6', 3, NULL),
('196', 'English 6', 'Grade 6', 'Grade 6', 3, NULL),
('197', 'Mathematics 6', 'Grade 6', 'Grade 6', 4, NULL),
('198', 'Science & Health 6', 'Grade 6', 'Grade 6', 3, NULL),
('199', 'Christian Living Education 6', 'Grade 6', 'Grade 6', 3, NULL),
('200', 'MAPEH 6', 'Grade 6', 'Grade 6', 3, NULL),
('201', 'Computer 6', 'Grade 6', 'Grade 6', 2, NULL),
('202', 'HELE 6', 'Grade 6', 'Grade 6', 2, NULL),
('203', 'Christian Living Education', 'Toddler', 'Toddler', 1, NULL),
('204', 'Language and Spelling', 'Toddler', 'Toddler', 1, NULL),
('205', 'Number Readiness', 'Toddler', 'Toddler', 1, NULL),
('206', 'Reading Readiness', 'Toddler', 'Toddler', 1, NULL),
('207', 'Christian Living Education', 'Nursery', 'Nursery', 2, NULL),
('208', 'Language and Spelling', 'Nursery', 'Nursery', 2, NULL),
('209', 'Number Readiness', 'Nursery', 'Nursery', 2, NULL),
('210', 'Reading Readiness', 'Nursery', 'Nursery', 2, NULL),
('211', 'Christian Living Education', 'Kinder', 'Kinder', 2, NULL),
('212', 'Language and Spelling', 'Kinder', 'Kinder', 2, NULL),
('213', 'Reading Readiness', 'Kinder', 'Kinder', 2, NULL),
('214', 'Robotics 11', 'Grade 11', 'Science, Technology, Engineering, and Mathematics', 1, 1),
('215', 'Robotics 12', 'Grade 12', 'Science, Technology, Engineering, and Mathematics', 1, 1),
('216', 'Araling Panlipunan 6', 'Grade 6', 'Grade 6', 3, NULL),
('217', 'Robotics 7', 'Grade 7', 'Grade 7', 1, NULL),
('218', 'Faith in the Light of the Epistles of Paul 1', 'Humanities and Social Sciences', 'Grade 11', 2, 1),
('220', 'Robotics 8', 'Grade 8', 'Grade 8', 1, NULL),
('221', 'Robotics 9', 'Grade 9', 'Grade 9', 1, NULL),
('222', 'Robotics 10', 'Grade 10', 'Grade 10', 1, NULL),
('225', 'Oral Communication', 'Grade 11', 'Accountancy, Business and Management', 2, 1),
('226', 'ICT', 'Grade 10', 'Grade 10', 2, NULL),
('227', 'ICT', 'Grade 7', 'Grade 7', 2, NULL),
('228', 'ICT', 'Grade 9', 'Grade 9', 2, NULL),
('229', 'ICT', 'Grade 8', 'Grade 8', 2, NULL),
('232', 'Robotics 11', 'Grade 11', 'Accountancy, Business and Management', 1, 1),
('233', 'Robotics 11', 'Grade 11', 'Humanities and Social Sciences', 1, 1),
('234', 'Robotics 12', 'Grade 12', 'Accountancy, Business and Management', 1, 1),
('235', 'Robotics 12', 'Grade 12', 'Humanities and Social Sciences', 1, 1),
('236', 'Robotics 4', 'Grade 4', 'Grade 4', 1, NULL),
('237', 'Robotics 5', 'Grade 5', 'Grade 5', 1, NULL),
('238', 'Robotics 6', 'Grade 6', 'Grade 6', 1, NULL),
('239', 'DRRR', 'Grade 11', 'Science, Technology, Engineering, and Mathematics', 2, 2),
('240', 'Inquiries, Investigations and Immersion (2nd Semester)', 'Grade 12', 'Accountancy, Business and Management', 2, 2),
('241', 'Inquiries, Investigations and Immersion (2nd Semester)', 'Grade 12', 'Science, Technology, Engineering, and Mathematics', 2, 2),
('242', 'Inquiries, Investigations and Immersion (2nd Semester)', 'Grade 12', 'Humanities and Social Sciences', 2, 2);

-- --------------------------------------------------------

--
-- Table structure for table `teachers`
--

DROP TABLE IF EXISTS `teachers`;
CREATE TABLE IF NOT EXISTS `teachers` (
  `teacher_id` varchar(10) NOT NULL,
  `teacher_name` varchar(100) DEFAULT NULL,
  `subject_code` varchar(20) DEFAULT NULL,
  `section_advisory` varchar(100) DEFAULT NULL,
  PRIMARY KEY (`teacher_id`)
) ENGINE=MyISAM DEFAULT CHARSET=utf8mb4 COLLATE=utf8mb4_general_ci;

--
-- Dumping data for table `teachers`
--

INSERT INTO `teachers` (`teacher_id`, `teacher_name`, `subject_code`, `section_advisory`) VALUES
('T001', 'Esquilona', '1, 2, 3, 4', 'ST. AGATHA'),
('T002', 'Ignacio', '5, 6, 7, 8', 'ST. ALOYSIUS GONZAGA'),
('T003', 'Cabique', '9, 10, 11, 12', 'ST. CECILIA'),
('T026', 'Ramirez', '13, 14, 15, 16', 'ST. CHRISTOPHER'),
('T027', 'Esquilona', '17, 18, 19, 20', 'ST. PATRICK'),
('T028', 'Ballesteros', '21, 22, 23, 24', 'ST. ANTHONY OF PADUA'),
('T029', 'Layag', '25, 26, 27, 28', 'ST. JUSTIN'),
('T030', 'Gumabon', '29, 30, 31, 32', 'ST. FRANCIS XAVIER'),
('T031', 'Alonzo', '33, 34, 35, 36', 'ST. LUKE'),
('T032', 'Binaluyo', '37, 38, 39, 40', 'ST. ANNE'),
('T033', 'Napili', '41, 42, 43, 44', 'ST. CAMILLUS DE LELLIS'),
('T034', 'Alde', '45, 46, 47, 48', 'ST. MARTIN DE PORRES'),
('T035', 'Alejo', '49, 50, 51, 52', 'ST. TERESA OF CALCUTTA'),
('T036', 'Lati', '53, 54, 55, 56', 'ST. PADRE PIO'),
('T037', 'Orolaza', '57, 58, 59, 60', 'ST. BLASÉ'),
('T038', 'Tabones', '61, 62, 63, 64', 'ST. LAWRENCE'),
('T039', 'Dela Cruz', '65, 66, 67, 68', 'ST. ROCH'),
('T040', 'Dinapo', '69, 70, 71, 72', 'ST. FRANCIS OF ASSISI'),
('T004', 'Paulo', '33, 37, 39, 44', 'ABM-12A - OUR LADY OF PEACE & GOOD VOYAGE'),
('T005', 'Fernandez', '35, 40, 45, 49', 'HUMSS-12A - OUR LADY OF THE PILLAR'),
('T006', 'Bartolome', '34, 36, 41, 43', 'STEM-12A - OUR LADY OF MANAOAG'),
('T007', 'Bacani', '50, 52, 53, 55', 'STEM-12B - OUR LADY OF PIAT'),
('T008', 'Laguidao', '56, 57, 58, 59', 'STEM-12C - OUR LADY OF PENAFRANCIA'),
('T009', 'Bognalos', '70, 72, 73, 240', 'STEM-12D - OUR LADY OF CHARITY'),
('T010', 'Millano', '239, 241, 242', 'ABM-11A - OUR LADY OF LA NAVAL'),
('T011', 'Evarola', '240, 241', 'HUMSS-11A - OUR LADY OF CANDELARIA'),
('T012', 'Noriega', '42, 45, 47, 50', 'STEM-11A - OUR LADY MARY HELP OF CHRISTIAN'),
('T065', 'Royeca', '203, 204, 205, 206', 'ST. JOHN THE BAPTIST'),
('T066', 'Vallesteros', '207, 208, 209, 210', 'ST. LORENZO RUIZ'),
('T067', 'Dela Peña', '211, 212, 213', 'ST. MAXIMILIAN KOLBE'),
('T068', 'Obedoza', '53, 54, 55, 56', 'ST. PEDRO CALUNGSOD'),
('T069', 'Fernando', '57, 58, 59, 60', 'ST. SEBASTIAN'),
('T070', 'Acebes', '61, 62, 63, 64', 'ST. AUGUSTINE'),
('T071', 'Berza', '65, 66, 67, 68', 'ST. AMBROSE'),
('T072', 'Maniba', '69, 70, 71, 72', 'ST. ANSELM'),
('T073', 'Bacongallo', '73, 239, 240', 'ST. BONAVENTURE'),
('T074', 'Cabrera', '241, 242', 'ST. CATHERINE OF SIENA'),
('T075', 'Valdez', '203, 204, 205, 206', 'ST. JEROME'),
('T076', 'Morales', '207, 208, 209, 210', 'ST. JOHN PAUL II'),
('T077', 'Abanto', '211, 212, 213', 'ST. ALPHONSUS DE LIGOURI');

-- --------------------------------------------------------

--
-- Table structure for table `teacher_subjects`
--

DROP TABLE IF EXISTS `teacher_subjects`;
CREATE TABLE IF NOT EXISTS `teacher_subjects` (
  `id` int(11) NOT NULL AUTO_INCREMENT,
  `teacher_id` varchar(10) DEFAULT NULL,
  `subject_code` varchar(20) DEFAULT NULL,
  PRIMARY KEY (`id`),
  KEY `teacher_id` (`teacher_id`),
  KEY `subject_code` (`subject_code`)
) ENGINE=MyISAM AUTO_INCREMENT=243 DEFAULT CHARSET=utf8mb4 COLLATE=utf8mb4_general_ci;

--
-- Dumping data for table `teacher_subjects`
--

INSERT INTO `teacher_subjects` (`id`, `teacher_id`, `subject_code`) VALUES
(1, 'T001', '1'),
(2, 'T002', '10'),
(3, 'T003', '100'),
(4, 'T004', '101'),
(5, 'T005', '102'),
(6, 'T006', '103'),
(7, 'T007', '104'),
(8, 'T008', '105'),
(9, 'T009', '106'),
(10, 'T010', '107'),
(11, 'T011', '108'),
(12, 'T012', '109'),
(13, 'T026', '11'),
(14, 'T027', '110'),
(15, 'T028', '111'),
(16, 'T029', '112'),
(17, 'T030', '113'),
(18, 'T031', '114'),
(19, 'T032', '115'),
(20, 'T033', '116'),
(21, 'T034', '117'),
(22, 'T035', '118'),
(23, 'T036', '119'),
(24, 'T037', '12'),
(25, 'T038', '120'),
(26, 'T039', '121'),
(27, 'T040', '122'),
(28, 'T065', '123'),
(29, 'T066', '124'),
(30, 'T067', '125'),
(31, 'T068', '126'),
(32, 'T069', '127'),
(33, 'T070', '128'),
(34, 'T071', '129'),
(35, 'T072', '13'),
(36, 'T073', '130'),
(37, 'T074', '131'),
(38, 'T075', '132'),
(39, 'T076', '133'),
(40, 'T077', '134'),
(41, 'T001', '135'),
(42, 'T002', '136'),
(43, 'T003', '137'),
(44, 'T004', '138'),
(45, 'T005', '139'),
(46, 'T006', '14'),
(47, 'T007', '140'),
(48, 'T008', '141'),
(49, 'T009', '142'),
(50, 'T010', '143'),
(51, 'T011', '144'),
(52, 'T012', '145'),
(53, 'T026', '146'),
(54, 'T027', '147'),
(55, 'T028', '148'),
(56, 'T029', '149'),
(57, 'T030', '15'),
(58, 'T031', '150'),
(59, 'T032', '151'),
(60, 'T033', '152'),
(61, 'T034', '153'),
(62, 'T035', '154'),
(63, 'T036', '155'),
(64, 'T037', '156'),
(65, 'T038', '157'),
(66, 'T039', '158'),
(67, 'T040', '159'),
(68, 'T065', '16'),
(69, 'T066', '160'),
(70, 'T067', '161'),
(71, 'T068', '162'),
(72, 'T069', '163'),
(73, 'T070', '164'),
(74, 'T071', '165'),
(75, 'T072', '166'),
(76, 'T073', '167'),
(77, 'T074', '168'),
(78, 'T075', '169'),
(79, 'T076', '17'),
(80, 'T077', '170'),
(81, 'T001', '171'),
(82, 'T002', '172'),
(83, 'T003', '173'),
(84, 'T004', '174'),
(85, 'T005', '175'),
(86, 'T006', '176'),
(87, 'T007', '177'),
(88, 'T008', '178'),
(89, 'T009', '179'),
(90, 'T010', '18'),
(91, 'T011', '180'),
(92, 'T012', '181'),
(93, 'T026', '182'),
(94, 'T027', '183'),
(95, 'T028', '184'),
(96, 'T029', '185'),
(97, 'T030', '186'),
(98, 'T031', '187'),
(99, 'T032', '188'),
(100, 'T033', '189'),
(101, 'T034', '19'),
(102, 'T035', '190'),
(103, 'T036', '191'),
(104, 'T037', '192'),
(105, 'T038', '193'),
(106, 'T039', '194'),
(107, 'T040', '195'),
(108, 'T065', '196'),
(109, 'T066', '197'),
(110, 'T067', '198'),
(111, 'T068', '199'),
(112, 'T069', '2'),
(113, 'T070', '20'),
(114, 'T071', '200'),
(115, 'T072', '201'),
(116, 'T073', '202'),
(117, 'T074', '203'),
(118, 'T075', '204'),
(119, 'T076', '205'),
(120, 'T077', '206'),
(121, 'T001', '207'),
(122, 'T002', '208'),
(123, 'T003', '209'),
(124, 'T004', '21'),
(125, 'T005', '210'),
(126, 'T006', '211'),
(127, 'T007', '212'),
(128, 'T008', '213'),
(129, 'T009', '214'),
(130, 'T010', '215'),
(131, 'T011', '216'),
(132, 'T012', '217'),
(133, 'T026', '218'),
(134, 'T027', '219'),
(135, 'T028', '22'),
(136, 'T029', '220'),
(137, 'T030', '221'),
(138, 'T031', '222'),
(139, 'T032', '223'),
(140, 'T033', '224'),
(141, 'T034', '225'),
(142, 'T035', '226'),
(143, 'T036', '227'),
(144, 'T037', '228'),
(145, 'T038', '229'),
(146, 'T039', '23'),
(147, 'T040', '230'),
(148, 'T065', '231'),
(149, 'T066', '232'),
(150, 'T067', '233'),
(151, 'T068', '234'),
(152, 'T069', '235'),
(153, 'T070', '236'),
(154, 'T071', '237'),
(155, 'T072', '238'),
(156, 'T073', '239'),
(157, 'T074', '24'),
(158, 'T075', '240'),
(159, 'T076', '241'),
(160, 'T077', '242'),
(161, 'T001', '25'),
(162, 'T002', '26'),
(163, 'T003', '27'),
(164, 'T004', '28'),
(165, 'T005', '29'),
(166, 'T006', '3'),
(167, 'T007', '30'),
(168, 'T008', '31'),
(169, 'T009', '32'),
(170, 'T010', '33'),
(171, 'T011', '34'),
(172, 'T012', '35'),
(173, 'T026', '36'),
(174, 'T027', '37'),
(175, 'T028', '38'),
(176, 'T029', '39'),
(177, 'T030', '4'),
(178, 'T031', '40'),
(179, 'T032', '41'),
(180, 'T033', '42'),
(181, 'T034', '43'),
(182, 'T035', '44'),
(183, 'T036', '45'),
(184, 'T037', '46'),
(185, 'T038', '47'),
(186, 'T039', '48'),
(187, 'T040', '49'),
(188, 'T065', '5'),
(189, 'T066', '50'),
(190, 'T067', '51'),
(191, 'T068', '52'),
(192, 'T069', '53'),
(193, 'T070', '54'),
(194, 'T071', '55'),
(195, 'T072', '56'),
(196, 'T073', '57'),
(197, 'T074', '58'),
(198, 'T075', '59'),
(199, 'T076', '6'),
(200, 'T077', '60'),
(201, 'T001', '61'),
(202, 'T002', '62'),
(203, 'T003', '63'),
(204, 'T004', '64'),
(205, 'T005', '65'),
(206, 'T006', '66'),
(207, 'T007', '67'),
(208, 'T008', '68'),
(209, 'T009', '69'),
(210, 'T010', '7'),
(211, 'T011', '70'),
(212, 'T012', '71'),
(213, 'T026', '72'),
(214, 'T027', '73'),
(215, 'T028', '74'),
(216, 'T029', '75'),
(217, 'T030', '76'),
(218, 'T031', '77'),
(219, 'T032', '78'),
(220, 'T033', '79'),
(221, 'T034', '8'),
(222, 'T035', '80'),
(223, 'T036', '81'),
(224, 'T037', '82'),
(225, 'T038', '83'),
(226, 'T039', '84'),
(227, 'T040', '85'),
(228, 'T065', '86'),
(229, 'T066', '87'),
(230, 'T067', '88'),
(231, 'T068', '89'),
(232, 'T069', '9'),
(233, 'T070', '90'),
(234, 'T071', '91'),
(235, 'T072', '92'),
(236, 'T073', '93'),
(237, 'T074', '94'),
(238, 'T075', '95'),
(239, 'T076', '96'),
(240, 'T077', '97'),
(241, 'T001', '98'),
(242, 'T002', '99');

-- --------------------------------------------------------

--
-- Stand-in structure for view `teacher_subjects_view`
-- (See below for the actual view)
--
DROP VIEW IF EXISTS `teacher_subjects_view`;
CREATE TABLE IF NOT EXISTS `teacher_subjects_view` (
`id` int(11)
,`teacher_id` varchar(10)
,`teacher_name` varchar(100)
,`subject_code` varchar(20)
,`subject_name` varchar(255)
,`year_level` varchar(50)
,`program` varchar(255)
,`hours_per_week` int(11)
);

-- --------------------------------------------------------

--
-- Table structure for table `time_slots`
--

DROP TABLE IF EXISTS `time_slots`;
CREATE TABLE IF NOT EXISTS `time_slots` (
  `time_slot_id` varchar(10) NOT NULL,
  `day` varchar(10) DEFAULT NULL,
  `start_time` time DEFAULT NULL,
  `end_time` time DEFAULT NULL,
  PRIMARY KEY (`time_slot_id`)
) ENGINE=MyISAM DEFAULT CHARSET=utf8mb4 COLLATE=utf8mb4_general_ci;

--
-- Dumping data for table `time_slots`
--

INSERT INTO `time_slots` (`time_slot_id`, `day`, `start_time`, `end_time`) VALUES
('GS_TS001', 'Monday', '07:30:00', '08:30:00'),
('GS_TS002', 'Monday', '08:30:00', '09:30:00'),
('GS_TS003', 'Monday', '09:30:00', '10:00:00'),
('GS_TS004', 'Monday', '10:00:00', '11:00:00'),
('GS_TS005', 'Monday', '11:00:00', '12:00:00'),
('GS_TS006', 'Monday', '12:00:00', '13:00:00'),
('GS_TS007', 'Monday', '13:00:00', '14:00:00'),
('GS_TS008', 'Monday', '14:00:00', '15:00:00'),
('GS_TS009', 'Monday', '15:00:00', '16:00:00'),
('GS_TS010', 'Monday', '16:00:00', '17:00:00'),
('GS_TS011', 'Tuesday', '07:30:00', '08:30:00'),
('GS_TS012', 'Tuesday', '08:30:00', '09:30:00'),
('GS_TS013', 'Tuesday', '09:30:00', '10:00:00'),
('GS_TS014', 'Tuesday', '10:00:00', '11:00:00'),
('GS_TS015', 'Tuesday', '11:00:00', '12:00:00'),
('GS_TS016', 'Tuesday', '12:00:00', '13:00:00'),
('GS_TS017', 'Tuesday', '13:00:00', '14:00:00'),
('GS_TS018', 'Tuesday', '14:00:00', '15:00:00'),
('GS_TS019', 'Tuesday', '15:00:00', '16:00:00'),
('GS_TS020', 'Tuesday', '16:00:00', '17:00:00'),
('GS_TS021', 'Wednesday', '07:30:00', '08:30:00'),
('GS_TS022', 'Wednesday', '08:30:00', '09:30:00'),
('GS_TS023', 'Wednesday', '09:30:00', '10:00:00'),
('GS_TS024', 'Wednesday', '10:00:00', '11:00:00'),
('GS_TS025', 'Wednesday', '11:00:00', '12:00:00'),
('GS_TS026', 'Wednesday', '12:00:00', '13:00:00'),
('GS_TS027', 'Wednesday', '13:00:00', '14:00:00'),
('GS_TS028', 'Wednesday', '14:00:00', '15:00:00'),
('GS_TS029', 'Wednesday', '15:00:00', '16:00:00'),
('GS_TS030', 'Wednesday', '16:00:00', '17:00:00'),
('GS_TS031', 'Thursday', '07:30:00', '08:30:00'),
('GS_TS032', 'Thursday', '08:30:00', '09:30:00'),
('GS_TS033', 'Thursday', '09:30:00', '10:00:00'),
('GS_TS034', 'Thursday', '10:00:00', '11:00:00'),
('GS_TS035', 'Thursday', '11:00:00', '12:00:00'),
('GS_TS036', 'Thursday', '12:00:00', '13:00:00'),
('GS_TS037', 'Thursday', '13:00:00', '14:00:00'),
('GS_TS038', 'Thursday', '14:00:00', '15:00:00'),
('GS_TS039', 'Thursday', '15:00:00', '16:00:00'),
('GS_TS040', 'Thursday', '16:00:00', '17:00:00'),
('GS_TS041', 'Friday', '07:30:00', '08:30:00'),
('GS_TS042', 'Friday', '08:30:00', '09:30:00'),
('GS_TS043', 'Friday', '09:30:00', '10:00:00'),
('GS_TS044', 'Friday', '10:00:00', '11:00:00'),
('GS_TS045', 'Friday', '11:00:00', '12:00:00'),
('GS_TS046', 'Friday', '12:00:00', '13:00:00'),
('GS_TS047', 'Friday', '13:00:00', '14:00:00'),
('GS_TS048', 'Friday', '14:00:00', '15:00:00'),
('GS_TS049', 'Friday', '15:00:00', '16:00:00'),
('GS_TS050', 'Friday', '16:00:00', '17:00:00'),
('GS_TS051', 'Saturday', '07:30:00', '08:30:00'),
('GS_TS052', 'Saturday', '08:30:00', '09:30:00'),
('GS_TS053', 'Saturday', '09:30:00', '10:00:00'),
('GS_TS054', 'Saturday', '10:00:00', '11:00:00'),
('GS_TS055', 'Saturday', '11:00:00', '12:00:00'),
('GS_TS056', 'Saturday', '12:00:00', '13:00:00'),
('GS_TS057', 'Saturday', '13:00:00', '14:00:00'),
('GS_TS058', 'Saturday', '14:00:00', '15:00:00'),
('GS_TS059', 'Saturday', '15:00:00', '16:00:00'),
('GS_TS060', 'Saturday', '16:00:00', '17:00:00'),
('HS_TS001', 'Monday', '07:30:00', '08:30:00'),
('HS_TS002', 'Monday', '08:30:00', '09:30:00'),
('HS_TS003', 'Monday', '09:30:00', '10:30:00'),
('HS_TS004', 'Monday', '10:30:00', '11:00:00'),
('HS_TS005', 'Monday', '11:00:00', '12:00:00'),
('HS_TS006', 'Monday', '12:00:00', '13:00:00'),
('HS_TS007', 'Monday', '13:00:00', '14:00:00'),
('HS_TS008', 'Monday', '14:00:00', '15:00:00'),
('HS_TS009', 'Monday', '15:00:00', '16:00:00'),
('HS_TS010', 'Monday', '16:00:00', '17:00:00'),
('HS_TS011', 'Tuesday', '07:30:00', '08:30:00'),
('HS_TS012', 'Tuesday', '08:30:00', '09:30:00'),
('HS_TS013', 'Tuesday', '09:30:00', '10:30:00'),
('HS_TS014', 'Tuesday', '10:30:00', '11:00:00'),
('HS_TS015', 'Tuesday', '11:00:00', '12:00:00'),
('HS_TS016', 'Tuesday', '12:00:00', '13:00:00'),
('HS_TS017', 'Tuesday', '13:00:00', '14:00:00'),
('HS_TS018', 'Tuesday', '14:00:00', '15:00:00'),
('HS_TS019', 'Tuesday', '15:00:00', '16:00:00'),
('HS_TS020', 'Tuesday', '16:00:00', '17:00:00'),
('HS_TS021', 'Wednesday', '07:30:00', '08:30:00'),
('HS_TS022', 'Wednesday', '08:30:00', '09:30:00'),
('HS_TS023', 'Wednesday', '09:30:00', '10:30:00'),
('HS_TS024', 'Wednesday', '10:30:00', '11:00:00'),
('HS_TS025', 'Wednesday', '11:00:00', '12:00:00'),
('HS_TS026', 'Wednesday', '12:00:00', '13:00:00'),
('HS_TS027', 'Wednesday', '13:00:00', '14:00:00'),
('HS_TS028', 'Wednesday', '14:00:00', '15:00:00'),
('HS_TS029', 'Wednesday', '15:00:00', '16:00:00'),
('HS_TS030', 'Wednesday', '16:00:00', '17:00:00'),
('HS_TS031', 'Thursday', '07:30:00', '08:30:00'),
('HS_TS032', 'Thursday', '08:30:00', '09:30:00'),
('HS_TS033', 'Thursday', '09:30:00', '10:30:00'),
('HS_TS034', 'Thursday', '10:30:00', '11:00:00'),
('HS_TS035', 'Thursday', '11:00:00', '12:00:00'),
('HS_TS036', 'Thursday', '12:00:00', '13:00:00'),
('HS_TS037', 'Thursday', '13:00:00', '14:00:00'),
('HS_TS038', 'Thursday', '14:00:00', '15:00:00'),
('HS_TS039', 'Thursday', '15:00:00', '16:00:00'),
('HS_TS040', 'Thursday', '16:00:00', '17:00:00'),
('HS_TS041', 'Friday', '07:30:00', '08:30:00'),
('HS_TS042', 'Friday', '08:30:00', '09:30:00'),
('HS_TS043', 'Friday', '09:30:00', '10:30:00'),
('HS_TS044', 'Friday', '10:30:00', '11:00:00'),
('HS_TS045', 'Friday', '11:00:00', '12:00:00'),
('HS_TS046', 'Friday', '12:00:00', '13:00:00'),
('HS_TS047', 'Friday', '13:00:00', '14:00:00'),
('HS_TS048', 'Friday', '14:00:00', '15:00:00'),
('HS_TS049', 'Friday', '15:00:00', '16:00:00'),
('HS_TS050', 'Friday', '16:00:00', '17:00:00'),
('HS_TS051', 'Saturday', '07:30:00', '08:30:00'),
('HS_TS052', 'Saturday', '08:30:00', '09:30:00'),
('HS_TS053', 'Saturday', '09:30:00', '10:30:00'),
('HS_TS054', 'Saturday', '10:30:00', '11:00:00'),
('HS_TS055', 'Saturday', '11:00:00', '12:00:00'),
('HS_TS056', 'Saturday', '12:00:00', '13:00:00'),
('HS_TS057', 'Saturday', '13:00:00', '14:00:00'),
('HS_TS058', 'Saturday', '14:00:00', '15:00:00'),
('HS_TS059', 'Saturday', '15:00:00', '16:00:00'),
('HS_TS060', 'Saturday', '16:00:00', '17:00:00');

-- --------------------------------------------------------

--
-- Stand-in structure for view `weekly_schedule`
-- (See below for the actual view)
--
DROP VIEW IF EXISTS `weekly_schedule`;
CREATE TABLE IF NOT EXISTS `weekly_schedule` (
`subject_code` varchar(10)
,`subject_name` varchar(255)
,`program` varchar(255)
,`year_level` varchar(50)
,`teacher_name` varchar(100)
,`room_name` varchar(50)
,`day` varchar(10)
,`start_time` time
,`end_time` time
);

-- --------------------------------------------------------

--
-- Structure for view `teacher_subjects_view`
--
DROP TABLE IF EXISTS `teacher_subjects_view`;

DROP VIEW IF EXISTS `teacher_subjects_view`;
CREATE ALGORITHM=UNDEFINED DEFINER=`root`@`localhost` SQL SECURITY DEFINER VIEW `teacher_subjects_view`  AS SELECT `ts`.`id` AS `id`, `ts`.`teacher_id` AS `teacher_id`, `t`.`teacher_name` AS `teacher_name`, `ts`.`subject_code` AS `subject_code`, `s`.`subject_name` AS `subject_name`, `s`.`year_level` AS `year_level`, `s`.`program` AS `program`, `s`.`hours_per_week` AS `hours_per_week` FROM ((`teacher_subjects` `ts` join `teachers` `t` on(`ts`.`teacher_id` = `t`.`teacher_id`)) join `subjects` `s` on(`ts`.`subject_code` = `s`.`subject_code`)) ;

-- --------------------------------------------------------

--
-- Structure for view `weekly_schedule`
--
DROP TABLE IF EXISTS `weekly_schedule`;

DROP VIEW IF EXISTS `weekly_schedule`;
CREATE ALGORITHM=UNDEFINED DEFINER=`root`@`localhost` SQL SECURITY DEFINER VIEW `weekly_schedule`  AS SELECT `s`.`subject_code` AS `subject_code`, `sub`.`subject_name` AS `subject_name`, `sub`.`program` AS `program`, `sub`.`year_level` AS `year_level`, `s`.`teacher_name` AS `teacher_name`, `s`.`room_name` AS `room_name`, `s`.`day` AS `day`, `s`.`start_time` AS `start_time`, `s`.`end_time` AS `end_time` FROM (`schedule` `s` join `subjects` `sub` on(`s`.`subject_code` = `sub`.`subject_code`)) ORDER BY `sub`.`program` ASC, `s`.`day` ASC, `s`.`start_time` ASC ;
COMMIT;

/*!40101 SET CHARACTER_SET_CLIENT=@OLD_CHARACTER_SET_CLIENT */;
/*!40101 SET CHARACTER_SET_RESULTS=@OLD_CHARACTER_SET_RESULTS */;
/*!40101 SET COLLATION_CONNECTION=@OLD_COLLATION_CONNECTION */;
