-- phpMyAdmin SQL Dump
-- version 5.2.1
-- https://www.phpmyadmin.net/
--
-- Host: 127.0.0.1:3306
-- Generation Time: Feb 26, 2025 at 08:57 AM
-- Server version: 11.5.2-MariaDB
-- PHP Version: 8.3.14

SET SQL_MODE = "NO_AUTO_VALUE_ON_ZERO";
START TRANSACTION;
SET time_zone = "+00:00";


/*!40101 SET @OLD_CHARACTER_SET_CLIENT=@@CHARACTER_SET_CLIENT */;
/*!40101 SET @OLD_CHARACTER_SET_RESULTS=@@CHARACTER_SET_RESULTS */;
/*!40101 SET @OLD_COLLATION_CONNECTION=@@COLLATION_CONNECTION */;
/*!40101 SET NAMES utf8mb4 */;

--
-- Database: `class_scheduler`
--

-- --------------------------------------------------------

--
-- Table structure for table `rooms`
--

DROP TABLE IF EXISTS `rooms`;
CREATE TABLE IF NOT EXISTS `rooms` (
  `room_id` varchar(10) NOT NULL,
  `room_name` varchar(50) DEFAULT NULL,
  `capacity` int(11) DEFAULT NULL,
  PRIMARY KEY (`room_id`)
) ENGINE=MyISAM DEFAULT CHARSET=utf8mb4 COLLATE=utf8mb4_general_ci;

--
-- Dumping data for table `rooms`
--

INSERT INTO `rooms` (`room_id`, `room_name`, `capacity`) VALUES
('R020', 'Room 120', 40),
('R019', 'Room 119', 30),
('R018', 'Room 118', 50),
('R017', 'Room 117', 40),
('R016', 'Room 116', 30),
('R015', 'Room 115', 50),
('R014', 'Room 114', 40),
('R013', 'Room 113', 30),
('R012', 'Room 112', 50),
('R011', 'Room 111', 40),
('R010', 'Room 110', 30),
('R009', 'Room 109', 50),
('R008', 'Room 108', 40),
('R007', 'Room 107', 30),
('R006', 'Room 106', 50),
('R005', 'Room 105', 40),
('R004', 'Room 104', 30),
('R003', 'Room 103', 50),
('R002', 'Room 102', 40),
('R001', 'Room 101', 30),
('R021', 'Room 121', 50),
('R022', 'Room 122', 30),
('R023', 'Room 123', 40),
('R024', 'Room 124', 50),
('R025', 'Room 125', 30),
('R026', 'Room 126', 40),
('R027', 'Room 127', 50),
('R028', 'Room 128', 30),
('R029', 'Room 129', 40),
('R030', 'Room 130', 50),
('R031', 'Room 131', 30),
('R032', 'Room 132', 40),
('R033', 'Room 133', 50),
('R034', 'Room 134', 30),
('R035', 'Room 135', 40),
('R036', 'Room 136', 50),
('R037', 'Room 137', 30),
('R038', 'Room 138', 40),
('R039', 'Room 139', 50),
('R040', 'Room 140', 30),
('R041', 'Room 141', 40),
('R042', 'Room 142', 50),
('R043', 'Room 143', 30),
('R044', 'Room 144', 40),
('R045', 'Room 145', 50),
('R046', 'Room 146', 30),
('R047', 'Room 147', 40),
('R048', 'Room 148', 50),
('R049', 'Room 149', 30),
('R050', 'Room 150', 40),
('R151', 'Room 151', 30),
('R152', 'Room 152', 40),
('R153', 'Room 153', 50),
('R154', 'Room 154', 30),
('R155', 'Room 155', 40),
('R156', 'Room 156', 50),
('R157', 'Room 157', 30),
('R158', 'Room 158', 40),
('R159', 'Room 159', 50),
('R160', 'Room 160', 30),
('R161', 'Room 161', 40),
('R162', 'Room 162', 50),
('R163', 'Room 163', 30),
('R164', 'Room 164', 40),
('R165', 'Room 165', 50),
('R166', 'Room 166', 30),
('R167', 'Room 167', 40),
('R168', 'Room 168', 50),
('R169', 'Room 169', 30),
('R170', 'Room 170', 40),
('R171', 'Room 171', 50),
('R172', 'Room 172', 30),
('R173', 'Room 173', 40),
('R174', 'Room 174', 50),
('R175', 'Room 175', 30),
('R176', 'Room 176', 40),
('R177', 'Room 177', 50),
('R178', 'Room 178', 30),
('R179', 'Room 179', 40),
('R180', 'Room 180', 50),
('R181', 'Room 181', 30),
('R182', 'Room 182', 40),
('R183', 'Room 183', 50),
('R184', 'Room 184', 30),
('R185', 'Room 185', 40),
('R186', 'Room 186', 50),
('R187', 'Room 187', 30),
('R188', 'Room 188', 40),
('R189', 'Room 189', 50),
('R190', 'Room 190', 30),
('R191', 'Room 191', 40),
('R192', 'Room 192', 50),
('R193', 'Room 193', 30),
('R194', 'Room 194', 40),
('R195', 'Room 195', 50),
('R196', 'Room 196', 30),
('R197', 'Room 197', 40),
('R198', 'Room 198', 50),
('R199', 'Room 199', 30),
('R200', 'Room 200', 40),
('R201', 'Room 201', 50),
('R202', 'Room 202', 30),
('R203', 'Room 203', 40),
('R204', 'Room 204', 50),
('R205', 'Room 205', 30),
('R206', 'Room 206', 40),
('R207', 'Room 207', 50),
('R208', 'Room 208', 30),
('R209', 'Room 209', 40),
('R210', 'Room 210', 50),
('R211', 'Room 211', 30),
('R212', 'Room 212', 40),
('R213', 'Room 213', 50),
('R214', 'Room 214', 30),
('R215', 'Room 215', 40),
('R216', 'Room 216', 50),
('R217', 'Room 217', 30),
('R218', 'Room 218', 40),
('R219', 'Room 219', 50),
('R220', 'Room 220', 30),
('R221', 'Room 221', 40),
('R222', 'Room 222', 50),
('R223', 'Room 223', 30),
('R224', 'Room 224', 40),
('R225', 'Room 225', 50),
('R226', 'Room 226', 30),
('R227', 'Room 227', 40),
('R228', 'Room 228', 50),
('R229', 'Room 229', 30),
('R230', 'Room 230', 40),
('R231', 'Room 231', 50),
('R232', 'Room 232', 30),
('R233', 'Room 233', 40),
('R234', 'Room 234', 50),
('R235', 'Room 235', 30),
('R236', 'Room 236', 40),
('R237', 'Room 237', 50),
('R238', 'Room 238', 30),
('R239', 'Room 239', 40),
('R240', 'Room 240', 50),
('R241', 'Room 241', 30),
('R242', 'Room 242', 40),
('R243', 'Room 243', 50),
('R244', 'Room 244', 30),
('R245', 'Room 245', 40),
('R246', 'Room 246', 50),
('R247', 'Room 247', 30),
('R248', 'Room 248', 40),
('R249', 'Room 249', 50),
('R250', 'Room 250', 30);

-- --------------------------------------------------------

--
-- Table structure for table `schedule`
--

DROP TABLE IF EXISTS `schedule`;
CREATE TABLE IF NOT EXISTS `schedule` (
  `id` int(11) NOT NULL AUTO_INCREMENT,
  `subject_code` varchar(10) DEFAULT NULL,
  `teacher_name` varchar(100) DEFAULT NULL,
  `room_name` varchar(50) DEFAULT NULL,
  `day` varchar(10) DEFAULT NULL,
  `start_time` time DEFAULT NULL,
  `end_time` time DEFAULT NULL,
  PRIMARY KEY (`id`),
  KEY `fk_subject_code` (`subject_code`),
  KEY `fk_teacher_name` (`teacher_name`),
  KEY `fk_room_name` (`room_name`)
) ENGINE=MyISAM AUTO_INCREMENT=5609 DEFAULT CHARSET=utf8mb4 COLLATE=utf8mb4_general_ci;

--
-- Dumping data for table `schedule`
--

INSERT INTO `schedule` (`id`, `subject_code`, `teacher_name`, `room_name`, `day`, `start_time`, `end_time`) VALUES
(5064, '1', 'Esquilona', 'Room 134', 'Monday', '08:30:00', '09:30:00'),
(5065, '1', 'Esquilona', 'Room 202', 'Friday', '10:30:00', '11:00:00'),
(5066, '1', 'Esquilona', 'Room 249', 'Saturday', '13:00:00', '14:00:00'),
(5067, '2', 'Fernando', 'Room 101', 'Saturday', '08:30:00', '09:30:00'),
(5068, '2', 'Fernando', 'Room 187', 'Saturday', '09:30:00', '10:00:00'),
(5069, '2', 'Fernando', 'Room 200', 'Friday', '13:00:00', '14:00:00'),
(5070, '2', 'Fernando', 'Room 225', 'Saturday', '11:00:00', '12:00:00'),
(5071, '3', 'Bartolome', 'Room 110', 'Thursday', '12:00:00', '13:00:00'),
(5072, '3', 'Bartolome', 'Room 226', 'Thursday', '13:00:00', '14:00:00'),
(5073, '3', 'Bartolome', 'Room 104', 'Tuesday', '15:00:00', '16:00:00'),
(5074, '3', 'Bartolome', 'Room 107', 'Wednesday', '08:30:00', '09:30:00'),
(5075, '4', 'Gumabon', 'Room 180', 'Wednesday', '14:00:00', '15:00:00'),
(5076, '4', 'Gumabon', 'Room 175', 'Friday', '08:30:00', '09:30:00'),
(5077, '4', 'Gumabon', 'Room 219', 'Monday', '10:00:00', '11:00:00'),
(5078, '4', 'Gumabon', 'Room 229', 'Saturday', '15:00:00', '16:00:00'),
(5079, '5', 'Royeca', 'Room 161', 'Thursday', '09:30:00', '10:30:00'),
(5080, '5', 'Royeca', 'Room 232', 'Saturday', '16:00:00', '17:00:00'),
(5081, '5', 'Royeca', 'Room 245', 'Wednesday', '11:00:00', '12:00:00'),
(5082, '6', 'Morales', 'Room 147', 'Friday', '14:00:00', '15:00:00'),
(5083, '6', 'Morales', 'Room 106', 'Wednesday', '11:00:00', '12:00:00'),
(5084, '6', 'Morales', 'Room 116', 'Friday', '11:00:00', '12:00:00'),
(5085, '7', 'Millano', 'Room 207', 'Saturday', '15:00:00', '16:00:00'),
(5086, '7', 'Millano', 'Room 141', 'Saturday', '13:00:00', '14:00:00'),
(5087, '7', 'Millano', 'Room 167', 'Friday', '09:30:00', '10:00:00'),
(5088, '8', 'Alde', 'Room 143', 'Friday', '15:00:00', '16:00:00'),
(5089, '8', 'Alde', 'Room 141', 'Thursday', '08:30:00', '09:30:00'),
(5090, '9', 'Fernando', 'Room 185', 'Wednesday', '08:30:00', '09:30:00'),
(5091, '9', 'Fernando', 'Room 128', 'Saturday', '13:00:00', '14:00:00'),
(5092, '9', 'Fernando', 'Room 119', 'Wednesday', '13:00:00', '14:00:00'),
(5093, '10', 'Ignacio', 'Room 227', 'Saturday', '13:00:00', '14:00:00'),
(5094, '10', 'Ignacio', 'Room 231', 'Friday', '12:00:00', '13:00:00'),
(5095, '10', 'Ignacio', 'Room 154', 'Tuesday', '09:30:00', '10:00:00'),
(5096, '11', 'Ramirez', 'Room 114', 'Saturday', '13:00:00', '14:00:00'),
(5097, '11', 'Ramirez', 'Room 167', 'Friday', '10:30:00', '11:00:00'),
(5098, '11', 'Ramirez', 'Room 133', 'Thursday', '11:00:00', '12:00:00'),
(5099, '12', 'Orolaza', 'Room 134', 'Tuesday', '10:30:00', '11:00:00'),
(5100, '12', 'Orolaza', 'Room 145', 'Friday', '10:30:00', '11:00:00'),
(5101, '12', 'Orolaza', 'Room 106', 'Tuesday', '09:30:00', '10:30:00'),
(5102, '13', 'Maniba', 'Room 230', 'Tuesday', '10:30:00', '11:00:00'),
(5103, '13', 'Maniba', 'Room 119', 'Wednesday', '10:30:00', '11:00:00'),
(5104, '13', 'Maniba', 'Room 182', 'Wednesday', '08:30:00', '09:30:00'),
(5105, '14', 'Bartolome', 'Room 183', 'Thursday', '09:30:00', '10:30:00'),
(5106, '14', 'Bartolome', 'Room 147', 'Thursday', '14:00:00', '15:00:00'),
(5107, '14', 'Bartolome', 'Room 107', 'Thursday', '13:00:00', '14:00:00'),
(5108, '15', 'Gumabon', 'Room 212', 'Tuesday', '11:00:00', '12:00:00'),
(5109, '15', 'Gumabon', 'Room 238', 'Saturday', '10:30:00', '11:00:00'),
(5110, '15', 'Gumabon', 'Room 152', 'Wednesday', '08:30:00', '09:30:00'),
(5111, '16', 'Royeca', 'Room 196', 'Friday', '11:00:00', '12:00:00'),
(5112, '16', 'Royeca', 'Room 216', 'Thursday', '16:00:00', '17:00:00'),
(5113, '17', 'Morales', 'Room 209', 'Friday', '14:00:00', '15:00:00'),
(5114, '17', 'Morales', 'Room 229', 'Wednesday', '08:30:00', '09:30:00'),
(5115, '17', 'Morales', 'Room 143', 'Tuesday', '15:00:00', '16:00:00'),
(5116, '18', 'Millano', 'Room 158', 'Monday', '10:00:00', '11:00:00'),
(5117, '18', 'Millano', 'Room 156', 'Monday', '16:00:00', '17:00:00'),
(5118, '18', 'Millano', 'Room 184', 'Thursday', '09:30:00', '10:00:00'),
(5119, '19', 'Alde', 'Room 207', 'Thursday', '14:00:00', '15:00:00'),
(5120, '19', 'Alde', 'Room 130', 'Wednesday', '15:00:00', '16:00:00'),
(5121, '19', 'Alde', 'Room 223', 'Friday', '15:00:00', '16:00:00'),
(5122, '20', 'Acebes', 'Room 156', 'Monday', '15:00:00', '16:00:00'),
(5123, '20', 'Acebes', 'Room 234', 'Tuesday', '16:00:00', '17:00:00'),
(5124, '20', 'Acebes', 'Room 127', 'Saturday', '13:00:00', '14:00:00'),
(5125, '21', 'Paulo', 'Room 126', 'Friday', '14:00:00', '15:00:00'),
(5126, '21', 'Paulo', 'Room 136', 'Wednesday', '12:00:00', '13:00:00'),
(5127, '21', 'Paulo', 'Room 136', 'Friday', '07:30:00', '08:30:00'),
(5128, '22', 'Ballesteros', 'Room 183', 'Monday', '15:00:00', '16:00:00'),
(5129, '22', 'Ballesteros', 'Room 160', 'Thursday', '15:00:00', '16:00:00'),
(5130, '22', 'Ballesteros', 'Room 173', 'Monday', '11:00:00', '12:00:00'),
(5131, '23', 'Dela Cruz', 'Room 113', 'Wednesday', '14:00:00', '15:00:00'),
(5132, '23', 'Dela Cruz', 'Room 238', 'Tuesday', '09:30:00', '10:30:00'),
(5133, '23', 'Dela Cruz', 'Room 151', 'Thursday', '09:30:00', '10:00:00'),
(5134, '24', 'Cabrera', 'Room 234', 'Saturday', '12:00:00', '13:00:00'),
(5135, '24', 'Cabrera', 'Room 144', 'Wednesday', '08:30:00', '09:30:00'),
(5136, '25', 'Esquilona', 'Room 242', 'Saturday', '10:30:00', '11:00:00'),
(5137, '25', 'Esquilona', 'Room 165', 'Thursday', '13:00:00', '14:00:00'),
(5138, '25', 'Esquilona', 'Room 217', 'Saturday', '08:30:00', '09:30:00'),
(5139, '26', 'Ignacio', 'Room 244', 'Saturday', '11:00:00', '12:00:00'),
(5140, '26', 'Ignacio', 'Room 238', 'Monday', '13:00:00', '14:00:00'),
(5141, '26', 'Ignacio', 'Room 204', 'Tuesday', '11:00:00', '12:00:00'),
(5142, '27', 'Cabique', 'Room 220', 'Friday', '09:30:00', '10:00:00'),
(5143, '27', 'Cabique', 'Room 195', 'Wednesday', '13:00:00', '14:00:00'),
(5144, '27', 'Cabique', 'Room 213', 'Monday', '14:00:00', '15:00:00'),
(5145, '28', 'Paulo', 'Room 190', 'Saturday', '09:30:00', '10:00:00'),
(5146, '28', 'Paulo', 'Room 193', 'Tuesday', '09:30:00', '10:00:00'),
(5147, '28', 'Paulo', 'Room 141', 'Monday', '13:00:00', '14:00:00'),
(5148, '29', 'Fernandez', 'Room 203', 'Friday', '10:30:00', '11:00:00'),
(5149, '29', 'Fernandez', 'Room 127', 'Monday', '11:00:00', '12:00:00'),
(5150, '29', 'Fernandez', 'Room 233', 'Wednesday', '15:00:00', '16:00:00'),
(5151, '30', 'Bacani', 'Room 191', 'Thursday', '08:30:00', '09:30:00'),
(5152, '30', 'Bacani', 'Room 248', 'Tuesday', '16:00:00', '17:00:00'),
(5153, '30', 'Bacani', 'Room 121', 'Tuesday', '15:00:00', '16:00:00'),
(5154, '31', 'Laguidao', 'Room 157', 'Friday', '08:30:00', '09:30:00'),
(5155, '31', 'Laguidao', 'Room 239', 'Saturday', '14:00:00', '15:00:00'),
(5156, '31', 'Laguidao', 'Room 193', 'Wednesday', '07:30:00', '08:30:00'),
(5157, '32', 'Bognalos', 'Room 131', 'Thursday', '16:00:00', '17:00:00'),
(5158, '32', 'Bognalos', 'Room 143', 'Thursday', '12:00:00', '13:00:00'),
(5159, '33', 'Millano', 'Room 184', 'Tuesday', '16:00:00', '17:00:00'),
(5160, '33', 'Millano', 'Room 246', 'Monday', '15:00:00', '16:00:00'),
(5161, '34', 'Evarola', 'Room 210', 'Tuesday', '12:00:00', '13:00:00'),
(5162, '34', 'Evarola', 'Room 187', 'Friday', '08:30:00', '09:30:00'),
(5163, '35', 'Noriega', 'Room 237', 'Monday', '16:00:00', '17:00:00'),
(5164, '35', 'Noriega', 'Room 236', 'Friday', '10:00:00', '11:00:00'),
(5165, '36', 'Ramirez', 'Room 246', 'Thursday', '11:00:00', '12:00:00'),
(5166, '36', 'Ramirez', 'Room 131', 'Friday', '16:00:00', '17:00:00'),
(5167, '37', 'Esquilona', 'Room 154', 'Tuesday', '13:00:00', '14:00:00'),
(5168, '37', 'Esquilona', 'Room 206', 'Thursday', '08:30:00', '09:30:00'),
(5169, '37', 'Esquilona', 'Room 152', 'Tuesday', '11:00:00', '12:00:00'),
(5170, '38', 'Ballesteros', 'Room 216', 'Saturday', '10:30:00', '11:00:00'),
(5171, '38', 'Ballesteros', 'Room 190', 'Thursday', '16:00:00', '17:00:00'),
(5172, '38', 'Ballesteros', 'Room 193', 'Tuesday', '07:30:00', '08:30:00'),
(5173, '39', 'Layag', 'Room 145', 'Monday', '14:00:00', '15:00:00'),
(5174, '39', 'Layag', 'Room 106', 'Wednesday', '08:30:00', '09:30:00'),
(5175, '39', 'Layag', 'Room 237', 'Thursday', '11:00:00', '12:00:00'),
(5176, '40', 'Alonzo', 'Room 122', 'Wednesday', '07:30:00', '08:30:00'),
(5177, '40', 'Alonzo', 'Room 222', 'Wednesday', '10:00:00', '11:00:00'),
(5178, '41', 'Binaluyo', 'Room 135', 'Monday', '10:30:00', '11:00:00'),
(5179, '41', 'Binaluyo', 'Room 105', 'Friday', '16:00:00', '17:00:00'),
(5180, '42', 'Napili', 'Room 125', 'Wednesday', '11:00:00', '12:00:00'),
(5181, '42', 'Napili', 'Room 133', 'Wednesday', '07:30:00', '08:30:00'),
(5182, '42', 'Napili', 'Room 187', 'Tuesday', '14:00:00', '15:00:00'),
(5183, '43', 'Alde', 'Room 102', 'Tuesday', '15:00:00', '16:00:00'),
(5184, '43', 'Alde', 'Room 104', 'Tuesday', '12:00:00', '13:00:00'),
(5185, '43', 'Alde', 'Room 197', 'Monday', '11:00:00', '12:00:00'),
(5186, '44', 'Alejo', 'Room 106', 'Friday', '12:00:00', '13:00:00'),
(5187, '44', 'Alejo', 'Room 155', 'Wednesday', '13:00:00', '14:00:00'),
(5188, '44', 'Alejo', 'Room 159', 'Friday', '14:00:00', '15:00:00'),
(5189, '45', 'Lati', 'Room 135', 'Wednesday', '12:00:00', '13:00:00'),
(5190, '45', 'Lati', 'Room 201', 'Tuesday', '10:30:00', '11:00:00'),
(5191, '45', 'Lati', 'Room 215', 'Monday', '09:30:00', '10:30:00'),
(5192, '46', 'Orolaza', 'Room 128', 'Wednesday', '08:30:00', '09:30:00'),
(5193, '46', 'Orolaza', 'Room 203', 'Friday', '09:30:00', '10:30:00'),
(5194, '46', 'Orolaza', 'Room 239', 'Wednesday', '16:00:00', '17:00:00'),
(5195, '47', 'Tabones', 'Room 207', 'Tuesday', '13:00:00', '14:00:00'),
(5196, '47', 'Tabones', 'Room 128', 'Monday', '07:30:00', '08:30:00'),
(5197, '47', 'Tabones', 'Room 164', 'Monday', '08:30:00', '09:30:00'),
(5198, '48', 'Dela Cruz', 'Room 123', 'Friday', '15:00:00', '16:00:00'),
(5199, '48', 'Dela Cruz', 'Room 136', 'Monday', '07:30:00', '08:30:00'),
(5200, '49', 'Dinapo', 'Room 157', 'Monday', '14:00:00', '15:00:00'),
(5201, '49', 'Dinapo', 'Room 114', 'Saturday', '07:30:00', '08:30:00'),
(5202, '50', 'Vallesteros', 'Room 144', 'Wednesday', '10:30:00', '11:00:00'),
(5203, '50', 'Vallesteros', 'Room 193', 'Monday', '09:30:00', '10:00:00'),
(5204, '51', 'Dela Peña', 'Room 157', 'Saturday', '11:00:00', '12:00:00'),
(5205, '51', 'Dela Peña', 'Room 244', 'Wednesday', '11:00:00', '12:00:00'),
(5206, '52', 'Obedoza', 'Room 140', 'Saturday', '13:00:00', '14:00:00'),
(5207, '52', 'Obedoza', 'Room 201', 'Friday', '09:30:00', '10:30:00'),
(5208, '53', 'Fernando', 'Room 250', 'Thursday', '11:00:00', '12:00:00'),
(5209, '53', 'Fernando', 'Room 129', 'Saturday', '11:00:00', '12:00:00'),
(5210, '54', 'Acebes', 'Room 127', 'Saturday', '11:00:00', '12:00:00'),
(5211, '54', 'Acebes', 'Room 101', 'Saturday', '08:30:00', '09:30:00'),
(5212, '55', 'Berza', 'Room 250', 'Saturday', '11:00:00', '12:00:00'),
(5213, '55', 'Berza', 'Room 203', 'Thursday', '09:30:00', '10:30:00'),
(5214, '56', 'Maniba', 'Room 145', 'Wednesday', '09:30:00', '10:30:00'),
(5215, '56', 'Maniba', 'Room 129', 'Thursday', '16:00:00', '17:00:00'),
(5216, '57', 'Bacongallo', 'Room 223', 'Saturday', '10:30:00', '11:00:00'),
(5217, '57', 'Bacongallo', 'Room 125', 'Friday', '16:00:00', '17:00:00'),
(5218, '58', 'Cabrera', 'Room 231', 'Tuesday', '13:00:00', '14:00:00'),
(5219, '58', 'Cabrera', 'Room 129', 'Saturday', '09:30:00', '10:30:00'),
(5220, '59', 'Valdez', 'Room 113', 'Tuesday', '15:00:00', '16:00:00'),
(5221, '59', 'Valdez', 'Room 221', 'Saturday', '09:30:00', '10:30:00'),
(5222, '60', 'Abanto', 'Room 228', 'Saturday', '16:00:00', '17:00:00'),
(5223, '60', 'Abanto', 'Room 132', 'Wednesday', '13:00:00', '14:00:00'),
(5224, '61', 'Esquilona', 'Room 189', 'Thursday', '11:00:00', '12:00:00'),
(5225, '61', 'Esquilona', 'Room 220', 'Thursday', '14:00:00', '15:00:00'),
(5226, '62', 'Ignacio', 'Room 238', 'Monday', '13:00:00', '14:00:00'),
(5227, '62', 'Ignacio', 'Room 229', 'Tuesday', '12:00:00', '13:00:00'),
(5228, '63', 'Cabique', 'Room 107', 'Saturday', '09:30:00', '10:00:00'),
(5229, '63', 'Cabique', 'Room 102', 'Tuesday', '10:30:00', '11:00:00'),
(5230, '64', 'Paulo', 'Room 171', 'Monday', '12:00:00', '13:00:00'),
(5231, '64', 'Paulo', 'Room 208', 'Saturday', '11:00:00', '12:00:00'),
(5232, '65', 'Fernandez', 'Room 111', 'Saturday', '13:00:00', '14:00:00'),
(5233, '65', 'Fernandez', 'Room 185', 'Monday', '08:30:00', '09:30:00'),
(5234, '66', 'Bartolome', 'Room 125', 'Friday', '11:00:00', '12:00:00'),
(5235, '66', 'Bartolome', 'Room 195', 'Saturday', '12:00:00', '13:00:00'),
(5236, '67', 'Bacani', 'Room 134', 'Tuesday', '11:00:00', '12:00:00'),
(5237, '67', 'Bacani', 'Room 224', 'Saturday', '07:30:00', '08:30:00'),
(5238, '68', 'Laguidao', 'Room 110', 'Monday', '16:00:00', '17:00:00'),
(5239, '68', 'Laguidao', 'Room 219', 'Saturday', '16:00:00', '17:00:00'),
(5240, '69', 'Bognalos', 'Room 137', 'Saturday', '11:00:00', '12:00:00'),
(5241, '69', 'Bognalos', 'Room 153', 'Tuesday', '07:30:00', '08:30:00'),
(5242, '70', 'Evarola', 'Room 136', 'Monday', '10:30:00', '11:00:00'),
(5243, '70', 'Evarola', 'Room 224', 'Wednesday', '08:30:00', '09:30:00'),
(5244, '71', 'Noriega', 'Room 151', 'Wednesday', '12:00:00', '13:00:00'),
(5245, '71', 'Noriega', 'Room 101', 'Thursday', '07:30:00', '08:30:00'),
(5246, '72', 'Ramirez', 'Room 224', 'Saturday', '09:30:00', '10:00:00'),
(5247, '72', 'Ramirez', 'Room 196', 'Thursday', '15:00:00', '16:00:00'),
(5248, '73', 'Esquilona', 'Room 173', 'Monday', '09:30:00', '10:30:00'),
(5249, '73', 'Esquilona', 'Room 152', 'Saturday', '15:00:00', '16:00:00'),
(5250, '74', 'Ballesteros', 'Room 134', 'Wednesday', '08:30:00', '09:30:00'),
(5251, '74', 'Ballesteros', 'Room 200', 'Monday', '14:00:00', '15:00:00'),
(5252, '75', 'Layag', 'Room 206', 'Friday', '12:00:00', '13:00:00'),
(5253, '75', 'Layag', 'Room 133', 'Saturday', '13:00:00', '14:00:00'),
(5254, '76', 'Gumabon', 'Room 168', 'Thursday', '10:30:00', '11:00:00'),
(5255, '76', 'Gumabon', 'Room 184', 'Thursday', '12:00:00', '13:00:00'),
(5256, '77', 'Alonzo', 'Room 186', 'Tuesday', '15:00:00', '16:00:00'),
(5257, '77', 'Alonzo', 'Room 197', 'Tuesday', '07:30:00', '08:30:00'),
(5258, '78', 'Binaluyo', 'Room 180', 'Tuesday', '15:00:00', '16:00:00'),
(5259, '78', 'Binaluyo', 'Room 198', 'Saturday', '15:00:00', '16:00:00'),
(5260, '79', 'Napili', 'Room 218', 'Monday', '16:00:00', '17:00:00'),
(5261, '79', 'Napili', 'Room 125', 'Friday', '07:30:00', '08:30:00'),
(5262, '80', 'Alejo', 'Room 245', 'Saturday', '14:00:00', '15:00:00'),
(5263, '80', 'Alejo', 'Room 243', 'Thursday', '16:00:00', '17:00:00'),
(5264, '81', 'Lati', 'Room 171', 'Friday', '12:00:00', '13:00:00'),
(5265, '81', 'Lati', 'Room 199', 'Tuesday', '07:30:00', '08:30:00'),
(5266, '82', 'Orolaza', 'Room 231', 'Tuesday', '12:00:00', '13:00:00'),
(5267, '82', 'Orolaza', 'Room 185', 'Wednesday', '14:00:00', '15:00:00'),
(5268, '83', 'Tabones', 'Room 138', 'Monday', '08:30:00', '09:30:00'),
(5269, '83', 'Tabones', 'Room 229', 'Saturday', '11:00:00', '12:00:00'),
(5270, '84', 'Dela Cruz', 'Room 125', 'Monday', '11:00:00', '12:00:00'),
(5271, '84', 'Dela Cruz', 'Room 199', 'Friday', '09:30:00', '10:00:00'),
(5272, '85', 'Dinapo', 'Room 246', 'Tuesday', '16:00:00', '17:00:00'),
(5273, '85', 'Dinapo', 'Room 203', 'Saturday', '09:30:00', '10:00:00'),
(5274, '86', 'Royeca', 'Room 173', 'Thursday', '13:00:00', '14:00:00'),
(5275, '86', 'Royeca', 'Room 181', 'Saturday', '12:00:00', '13:00:00'),
(5276, '87', 'Vallesteros', 'Room 198', 'Friday', '16:00:00', '17:00:00'),
(5277, '87', 'Vallesteros', 'Room 213', 'Wednesday', '12:00:00', '13:00:00'),
(5278, '88', 'Dela Peña', 'Room 209', 'Thursday', '16:00:00', '17:00:00'),
(5279, '88', 'Dela Peña', 'Room 135', 'Thursday', '11:00:00', '12:00:00'),
(5280, '89', 'Obedoza', 'Room 246', 'Thursday', '11:00:00', '12:00:00'),
(5281, '89', 'Obedoza', 'Room 234', 'Monday', '15:00:00', '16:00:00'),
(5282, '90', 'Acebes', 'Room 163', 'Saturday', '14:00:00', '15:00:00'),
(5283, '90', 'Acebes', 'Room 159', 'Friday', '11:00:00', '12:00:00'),
(5284, '91', 'Berza', 'Room 217', 'Monday', '10:00:00', '11:00:00'),
(5285, '91', 'Berza', 'Room 200', 'Saturday', '16:00:00', '17:00:00'),
(5286, '92', 'Maniba', 'Room 158', 'Saturday', '12:00:00', '13:00:00'),
(5287, '92', 'Maniba', 'Room 144', 'Saturday', '13:00:00', '14:00:00'),
(5288, '93', 'Bacongallo', 'Room 151', 'Thursday', '08:30:00', '09:30:00'),
(5289, '93', 'Bacongallo', 'Room 131', 'Saturday', '16:00:00', '17:00:00'),
(5290, '94', 'Cabrera', 'Room 117', 'Saturday', '11:00:00', '12:00:00'),
(5291, '94', 'Cabrera', 'Room 143', 'Tuesday', '13:00:00', '14:00:00'),
(5292, '95', 'Valdez', 'Room 105', 'Tuesday', '07:30:00', '08:30:00'),
(5293, '95', 'Valdez', 'Room 106', 'Monday', '08:30:00', '09:30:00'),
(5294, '96', 'Morales', 'Room 120', 'Tuesday', '16:00:00', '17:00:00'),
(5295, '96', 'Morales', 'Room 185', 'Wednesday', '08:30:00', '09:30:00'),
(5296, '97', 'Abanto', 'Room 242', 'Monday', '11:00:00', '12:00:00'),
(5297, '97', 'Abanto', 'Room 114', 'Friday', '07:30:00', '08:30:00'),
(5298, '98', 'Esquilona', 'Room 204', 'Friday', '08:30:00', '09:30:00'),
(5299, '98', 'Esquilona', 'Room 156', 'Friday', '14:00:00', '15:00:00'),
(5300, '99', 'Ignacio', 'Room 220', 'Tuesday', '14:00:00', '15:00:00'),
(5301, '99', 'Ignacio', 'Room 234', 'Monday', '09:30:00', '10:00:00'),
(5302, '100', 'Cabique', 'Room 170', 'Wednesday', '10:00:00', '11:00:00'),
(5303, '100', 'Cabique', 'Room 209', 'Friday', '07:30:00', '08:30:00'),
(5304, '101', 'Paulo', 'Room 180', 'Saturday', '07:30:00', '08:30:00'),
(5305, '101', 'Paulo', 'Room 242', 'Saturday', '15:00:00', '16:00:00'),
(5306, '102', 'Fernandez', 'Room 237', 'Friday', '14:00:00', '15:00:00'),
(5307, '102', 'Fernandez', 'Room 175', 'Thursday', '09:30:00', '10:30:00'),
(5308, '103', 'Bartolome', 'Room 189', 'Tuesday', '08:30:00', '09:30:00'),
(5309, '103', 'Bartolome', 'Room 249', 'Tuesday', '16:00:00', '17:00:00'),
(5310, '104', 'Bacani', 'Room 151', 'Tuesday', '07:30:00', '08:30:00'),
(5311, '104', 'Bacani', 'Room 150', 'Monday', '15:00:00', '16:00:00'),
(5312, '105', 'Laguidao', 'Room 156', 'Monday', '12:00:00', '13:00:00'),
(5313, '105', 'Laguidao', 'Room 124', 'Saturday', '08:30:00', '09:30:00'),
(5314, '106', 'Bognalos', 'Room 105', 'Thursday', '11:00:00', '12:00:00'),
(5315, '106', 'Bognalos', 'Room 121', 'Tuesday', '10:00:00', '11:00:00'),
(5316, '107', 'Millano', 'Room 186', 'Friday', '09:30:00', '10:00:00'),
(5317, '107', 'Millano', 'Room 221', 'Saturday', '08:30:00', '09:30:00'),
(5318, '108', 'Evarola', 'Room 183', 'Wednesday', '15:00:00', '16:00:00'),
(5319, '108', 'Evarola', 'Room 189', 'Friday', '07:30:00', '08:30:00'),
(5320, '109', 'Noriega', 'Room 242', 'Thursday', '16:00:00', '17:00:00'),
(5321, '109', 'Noriega', 'Room 218', 'Thursday', '07:30:00', '08:30:00'),
(5322, '110', 'Esquilona', 'Room 249', 'Monday', '07:30:00', '08:30:00'),
(5323, '110', 'Esquilona', 'Room 181', 'Friday', '12:00:00', '13:00:00'),
(5324, '111', 'Ballesteros', 'Room 201', 'Wednesday', '16:00:00', '17:00:00'),
(5325, '111', 'Ballesteros', 'Room 152', 'Tuesday', '11:00:00', '12:00:00'),
(5326, '112', 'Layag', 'Room 145', 'Tuesday', '07:30:00', '08:30:00'),
(5327, '112', 'Layag', 'Room 143', 'Monday', '15:00:00', '16:00:00'),
(5328, '113', 'Gumabon', 'Room 209', 'Saturday', '14:00:00', '15:00:00'),
(5329, '113', 'Gumabon', 'Room 177', 'Friday', '16:00:00', '17:00:00'),
(5330, '114', 'Alonzo', 'Room 131', 'Thursday', '10:30:00', '11:00:00'),
(5331, '114', 'Alonzo', 'Room 204', 'Saturday', '13:00:00', '14:00:00'),
(5332, '115', 'Binaluyo', 'Room 103', 'Wednesday', '07:30:00', '08:30:00'),
(5333, '115', 'Binaluyo', 'Room 209', 'Thursday', '15:00:00', '16:00:00'),
(5334, '116', 'Napili', 'Room 119', 'Wednesday', '08:30:00', '09:30:00'),
(5335, '116', 'Napili', 'Room 115', 'Thursday', '09:30:00', '10:00:00'),
(5336, '117', 'Alde', 'Room 222', 'Wednesday', '08:30:00', '09:30:00'),
(5337, '117', 'Alde', 'Room 189', 'Monday', '16:00:00', '17:00:00'),
(5338, '118', 'Alejo', 'Room 179', 'Thursday', '07:30:00', '08:30:00'),
(5339, '118', 'Alejo', 'Room 125', 'Thursday', '15:00:00', '16:00:00'),
(5340, '119', 'Lati', 'Room 131', 'Monday', '12:00:00', '13:00:00'),
(5341, '119', 'Lati', 'Room 130', 'Friday', '16:00:00', '17:00:00'),
(5342, '120', 'Tabones', 'Room 172', 'Monday', '16:00:00', '17:00:00'),
(5343, '120', 'Tabones', 'Room 167', 'Thursday', '14:00:00', '15:00:00'),
(5344, '121', 'Dela Cruz', 'Room 235', 'Friday', '16:00:00', '17:00:00'),
(5345, '121', 'Dela Cruz', 'Room 188', 'Friday', '12:00:00', '13:00:00'),
(5346, '122', 'Dinapo', 'Room 101', 'Saturday', '13:00:00', '14:00:00'),
(5347, '122', 'Dinapo', 'Room 154', 'Friday', '16:00:00', '17:00:00'),
(5348, '123', 'Royeca', 'Room 224', 'Saturday', '08:30:00', '09:30:00'),
(5349, '123', 'Royeca', 'Room 238', 'Saturday', '11:00:00', '12:00:00'),
(5350, '124', 'Vallesteros', 'Room 243', 'Wednesday', '13:00:00', '14:00:00'),
(5351, '124', 'Vallesteros', 'Room 231', 'Thursday', '08:30:00', '09:30:00'),
(5352, '125', 'Dela Peña', 'Room 240', 'Saturday', '10:00:00', '11:00:00'),
(5353, '125', 'Dela Peña', 'Room 155', 'Friday', '11:00:00', '12:00:00'),
(5354, '126', 'Obedoza', 'Room 131', 'Thursday', '15:00:00', '16:00:00'),
(5355, '126', 'Obedoza', 'Room 181', 'Friday', '09:30:00', '10:30:00'),
(5356, '126', 'Obedoza', 'Room 139', 'Saturday', '13:00:00', '14:00:00'),
(5357, '127', 'Fernando', 'Room 139', 'Wednesday', '07:30:00', '08:30:00'),
(5358, '127', 'Fernando', 'Room 171', 'Saturday', '09:30:00', '10:00:00'),
(5359, '127', 'Fernando', 'Room 155', 'Wednesday', '14:00:00', '15:00:00'),
(5360, '128', 'Acebes', 'Room 155', 'Wednesday', '07:30:00', '08:30:00'),
(5361, '128', 'Acebes', 'Room 238', 'Friday', '14:00:00', '15:00:00'),
(5362, '128', 'Acebes', 'Room 247', 'Saturday', '14:00:00', '15:00:00'),
(5363, '129', 'Berza', 'Room 138', 'Monday', '13:00:00', '14:00:00'),
(5364, '129', 'Berza', 'Room 236', 'Tuesday', '10:00:00', '11:00:00'),
(5365, '129', 'Berza', 'Room 229', 'Thursday', '09:30:00', '10:00:00'),
(5366, '130', 'Bacongallo', 'Room 160', 'Friday', '15:00:00', '16:00:00'),
(5367, '130', 'Bacongallo', 'Room 245', 'Wednesday', '08:30:00', '09:30:00'),
(5368, '130', 'Bacongallo', 'Room 133', 'Friday', '14:00:00', '15:00:00'),
(5369, '131', 'Cabrera', 'Room 239', 'Tuesday', '11:00:00', '12:00:00'),
(5370, '131', 'Cabrera', 'Room 108', 'Friday', '16:00:00', '17:00:00'),
(5371, '131', 'Cabrera', 'Room 102', 'Monday', '07:30:00', '08:30:00'),
(5372, '132', 'Valdez', 'Room 211', 'Saturday', '13:00:00', '14:00:00'),
(5373, '132', 'Valdez', 'Room 218', 'Tuesday', '13:00:00', '14:00:00'),
(5374, '132', 'Valdez', 'Room 147', 'Saturday', '16:00:00', '17:00:00'),
(5375, '133', 'Morales', 'Room 105', 'Tuesday', '14:00:00', '15:00:00'),
(5376, '133', 'Morales', 'Room 148', 'Friday', '07:30:00', '08:30:00'),
(5377, '133', 'Morales', 'Room 146', 'Saturday', '12:00:00', '13:00:00'),
(5378, '134', 'Abanto', 'Room 141', 'Thursday', '10:00:00', '11:00:00'),
(5379, '134', 'Abanto', 'Room 239', 'Friday', '11:00:00', '12:00:00'),
(5380, '134', 'Abanto', 'Room 220', 'Tuesday', '10:00:00', '11:00:00'),
(5381, '135', 'Esquilona', 'Room 204', 'Thursday', '11:00:00', '12:00:00'),
(5382, '135', 'Esquilona', 'Room 166', 'Saturday', '10:30:00', '11:00:00'),
(5383, '135', 'Esquilona', 'Room 113', 'Thursday', '16:00:00', '17:00:00'),
(5384, '136', 'Ignacio', 'Room 210', 'Monday', '16:00:00', '17:00:00'),
(5385, '136', 'Ignacio', 'Room 174', 'Saturday', '12:00:00', '13:00:00'),
(5386, '136', 'Ignacio', 'Room 247', 'Tuesday', '09:30:00', '10:00:00'),
(5387, '137', 'Cabique', 'Room 165', 'Friday', '13:00:00', '14:00:00'),
(5388, '137', 'Cabique', 'Room 169', 'Monday', '10:30:00', '11:00:00'),
(5389, '137', 'Cabique', 'Room 142', 'Wednesday', '07:30:00', '08:30:00'),
(5390, '138', 'Paulo', 'Room 115', 'Wednesday', '07:30:00', '08:30:00'),
(5391, '138', 'Paulo', 'Room 174', 'Monday', '11:00:00', '12:00:00'),
(5392, '138', 'Paulo', 'Room 213', 'Tuesday', '15:00:00', '16:00:00'),
(5393, '139', 'Fernandez', 'Room 214', 'Wednesday', '07:30:00', '08:30:00'),
(5394, '139', 'Fernandez', 'Room 186', 'Tuesday', '13:00:00', '14:00:00'),
(5395, '139', 'Fernandez', 'Room 145', 'Saturday', '08:30:00', '09:30:00'),
(5396, '140', 'Bacani', 'Room 238', 'Thursday', '08:30:00', '09:30:00'),
(5397, '140', 'Bacani', 'Room 136', 'Thursday', '07:30:00', '08:30:00'),
(5398, '140', 'Bacani', 'Room 108', 'Saturday', '09:30:00', '10:00:00'),
(5399, '141', 'Laguidao', 'Room 105', 'Wednesday', '10:00:00', '11:00:00'),
(5400, '141', 'Laguidao', 'Room 176', 'Monday', '13:00:00', '14:00:00'),
(5401, '141', 'Laguidao', 'Room 124', 'Wednesday', '09:30:00', '10:00:00'),
(5402, '142', 'Bognalos', 'Room 165', 'Saturday', '15:00:00', '16:00:00'),
(5403, '142', 'Bognalos', 'Room 150', 'Monday', '11:00:00', '12:00:00'),
(5404, '142', 'Bognalos', 'Room 221', 'Tuesday', '07:30:00', '08:30:00'),
(5405, '143', 'Millano', 'Room 106', 'Wednesday', '16:00:00', '17:00:00'),
(5406, '143', 'Millano', 'Room 157', 'Friday', '14:00:00', '15:00:00'),
(5407, '143', 'Millano', 'Room 168', 'Saturday', '07:30:00', '08:30:00'),
(5408, '144', 'Evarola', 'Room 111', 'Wednesday', '12:00:00', '13:00:00'),
(5409, '145', 'Noriega', 'Room 162', 'Tuesday', '11:00:00', '12:00:00'),
(5410, '146', 'Ramirez', 'Room 162', 'Wednesday', '16:00:00', '17:00:00'),
(5411, '147', 'Esquilona', 'Room 226', 'Friday', '14:00:00', '15:00:00'),
(5412, '148', 'Ballesteros', 'Room 153', 'Thursday', '07:30:00', '08:30:00'),
(5413, '149', 'Layag', 'Room 216', 'Saturday', '12:00:00', '13:00:00'),
(5414, '150', 'Alonzo', 'Room 244', 'Monday', '13:00:00', '14:00:00'),
(5415, '151', 'Binaluyo', 'Room 244', 'Friday', '11:00:00', '12:00:00'),
(5416, '152', 'Napili', 'Room 211', 'Monday', '08:30:00', '09:30:00'),
(5417, '153', 'Alde', 'Room 246', 'Saturday', '12:00:00', '13:00:00'),
(5418, '154', 'Alejo', 'Room 206', 'Tuesday', '09:30:00', '10:00:00'),
(5419, '154', 'Alejo', 'Room 229', 'Saturday', '16:00:00', '17:00:00'),
(5420, '154', 'Alejo', 'Room 237', 'Wednesday', '12:00:00', '13:00:00'),
(5421, '155', 'Lati', 'Room 237', 'Tuesday', '12:00:00', '13:00:00'),
(5422, '155', 'Lati', 'Room 199', 'Saturday', '16:00:00', '17:00:00'),
(5423, '155', 'Lati', 'Room 197', 'Tuesday', '08:30:00', '09:30:00'),
(5424, '155', 'Lati', 'Room 189', 'Tuesday', '14:00:00', '15:00:00'),
(5425, '156', 'Orolaza', 'Room 174', 'Saturday', '15:00:00', '16:00:00'),
(5426, '156', 'Orolaza', 'Room 244', 'Tuesday', '16:00:00', '17:00:00'),
(5427, '156', 'Orolaza', 'Room 175', 'Friday', '16:00:00', '17:00:00'),
(5428, '157', 'Tabones', 'Room 183', 'Tuesday', '09:30:00', '10:30:00'),
(5429, '157', 'Tabones', 'Room 244', 'Thursday', '07:30:00', '08:30:00'),
(5430, '157', 'Tabones', 'Room 171', 'Monday', '10:00:00', '11:00:00'),
(5431, '158', 'Dela Cruz', 'Room 234', 'Monday', '08:30:00', '09:30:00'),
(5432, '159', 'Dinapo', 'Room 109', 'Thursday', '13:00:00', '14:00:00'),
(5433, '160', 'Vallesteros', 'Room 150', 'Thursday', '09:30:00', '10:30:00'),
(5434, '160', 'Vallesteros', 'Room 199', 'Monday', '15:00:00', '16:00:00'),
(5435, '160', 'Vallesteros', 'Room 191', 'Tuesday', '09:30:00', '10:30:00'),
(5436, '161', 'Dela Peña', 'Room 216', 'Wednesday', '13:00:00', '14:00:00'),
(5437, '161', 'Dela Peña', 'Room 218', 'Friday', '12:00:00', '13:00:00'),
(5438, '161', 'Dela Peña', 'Room 221', 'Saturday', '16:00:00', '17:00:00'),
(5439, '162', 'Obedoza', 'Room 210', 'Monday', '11:00:00', '12:00:00'),
(5440, '162', 'Obedoza', 'Room 140', 'Friday', '13:00:00', '14:00:00'),
(5441, '162', 'Obedoza', 'Room 245', 'Thursday', '16:00:00', '17:00:00'),
(5442, '162', 'Obedoza', 'Room 138', 'Wednesday', '10:30:00', '11:00:00'),
(5443, '163', 'Fernando', 'Room 166', 'Wednesday', '13:00:00', '14:00:00'),
(5444, '163', 'Fernando', 'Room 155', 'Monday', '10:00:00', '11:00:00'),
(5445, '163', 'Fernando', 'Room 173', 'Saturday', '07:30:00', '08:30:00'),
(5446, '164', 'Acebes', 'Room 183', 'Saturday', '12:00:00', '13:00:00'),
(5447, '164', 'Acebes', 'Room 136', 'Tuesday', '10:00:00', '11:00:00'),
(5448, '164', 'Acebes', 'Room 237', 'Thursday', '16:00:00', '17:00:00'),
(5449, '165', 'Berza', 'Room 213', 'Tuesday', '13:00:00', '14:00:00'),
(5450, '165', 'Berza', 'Room 196', 'Friday', '10:30:00', '11:00:00'),
(5451, '165', 'Berza', 'Room 157', 'Tuesday', '11:00:00', '12:00:00'),
(5452, '166', 'Maniba', 'Room 181', 'Saturday', '10:30:00', '11:00:00'),
(5453, '167', 'Bacongallo', 'Room 197', 'Friday', '11:00:00', '12:00:00'),
(5454, '168', 'Cabrera', 'Room 215', 'Monday', '12:00:00', '13:00:00'),
(5455, '168', 'Cabrera', 'Room 171', 'Thursday', '14:00:00', '15:00:00'),
(5456, '168', 'Cabrera', 'Room 123', 'Wednesday', '15:00:00', '16:00:00'),
(5457, '169', 'Valdez', 'Room 102', 'Saturday', '07:30:00', '08:30:00'),
(5458, '169', 'Valdez', 'Room 139', 'Wednesday', '13:00:00', '14:00:00'),
(5459, '169', 'Valdez', 'Room 152', 'Thursday', '08:30:00', '09:30:00'),
(5460, '170', 'Abanto', 'Room 127', 'Thursday', '15:00:00', '16:00:00'),
(5461, '170', 'Abanto', 'Room 156', 'Wednesday', '15:00:00', '16:00:00'),
(5462, '170', 'Abanto', 'Room 164', 'Saturday', '14:00:00', '15:00:00'),
(5463, '170', 'Abanto', 'Room 186', 'Friday', '07:30:00', '08:30:00'),
(5464, '171', 'Esquilona', 'Room 173', 'Thursday', '13:00:00', '14:00:00'),
(5465, '171', 'Esquilona', 'Room 171', 'Thursday', '08:30:00', '09:30:00'),
(5466, '171', 'Esquilona', 'Room 205', 'Wednesday', '07:30:00', '08:30:00'),
(5467, '172', 'Ignacio', 'Room 216', 'Saturday', '13:00:00', '14:00:00'),
(5468, '172', 'Ignacio', 'Room 244', 'Monday', '14:00:00', '15:00:00'),
(5469, '172', 'Ignacio', 'Room 123', 'Wednesday', '11:00:00', '12:00:00'),
(5470, '173', 'Cabique', 'Room 246', 'Tuesday', '13:00:00', '14:00:00'),
(5471, '173', 'Cabique', 'Room 114', 'Tuesday', '14:00:00', '15:00:00'),
(5472, '173', 'Cabique', 'Room 223', 'Friday', '08:30:00', '09:30:00'),
(5473, '174', 'Paulo', 'Room 192', 'Wednesday', '15:00:00', '16:00:00'),
(5474, '174', 'Paulo', 'Room 228', 'Thursday', '08:30:00', '09:30:00'),
(5475, '174', 'Paulo', 'Room 129', 'Tuesday', '09:30:00', '10:00:00'),
(5476, '175', 'Fernandez', 'Room 131', 'Tuesday', '13:00:00', '14:00:00'),
(5477, '176', 'Bartolome', 'Room 226', 'Thursday', '07:30:00', '08:30:00'),
(5478, '177', 'Bacani', 'Room 151', 'Wednesday', '07:30:00', '08:30:00'),
(5479, '177', 'Bacani', 'Room 131', 'Monday', '12:00:00', '13:00:00'),
(5480, '177', 'Bacani', 'Room 142', 'Friday', '15:00:00', '16:00:00'),
(5481, '178', 'Laguidao', 'Room 209', 'Saturday', '09:30:00', '10:30:00'),
(5482, '178', 'Laguidao', 'Room 167', 'Tuesday', '10:00:00', '11:00:00'),
(5483, '178', 'Laguidao', 'Room 197', 'Wednesday', '09:30:00', '10:30:00'),
(5484, '178', 'Laguidao', 'Room 222', 'Friday', '16:00:00', '17:00:00'),
(5485, '179', 'Bognalos', 'Room 193', 'Monday', '09:30:00', '10:00:00'),
(5486, '179', 'Bognalos', 'Room 222', 'Tuesday', '09:30:00', '10:30:00'),
(5487, '179', 'Bognalos', 'Room 139', 'Saturday', '14:00:00', '15:00:00'),
(5488, '179', 'Bognalos', 'Room 171', 'Thursday', '16:00:00', '17:00:00'),
(5489, '180', 'Evarola', 'Room 232', 'Monday', '12:00:00', '13:00:00'),
(5490, '180', 'Evarola', 'Room 102', 'Thursday', '08:30:00', '09:30:00'),
(5491, '180', 'Evarola', 'Room 199', 'Tuesday', '16:00:00', '17:00:00'),
(5492, '180', 'Evarola', 'Room 133', 'Wednesday', '14:00:00', '15:00:00'),
(5493, '181', 'Noriega', 'Room 103', 'Thursday', '11:00:00', '12:00:00'),
(5494, '181', 'Noriega', 'Room 124', 'Friday', '10:00:00', '11:00:00'),
(5495, '181', 'Noriega', 'Room 216', 'Friday', '16:00:00', '17:00:00'),
(5496, '182', 'Ramirez', 'Room 108', 'Thursday', '09:30:00', '10:00:00'),
(5497, '182', 'Ramirez', 'Room 214', 'Friday', '15:00:00', '16:00:00'),
(5498, '182', 'Ramirez', 'Room 221', 'Tuesday', '07:30:00', '08:30:00'),
(5499, '183', 'Esquilona', 'Room 228', 'Tuesday', '10:00:00', '11:00:00'),
(5500, '183', 'Esquilona', 'Room 105', 'Tuesday', '08:30:00', '09:30:00'),
(5501, '184', 'Ballesteros', 'Room 131', 'Tuesday', '12:00:00', '13:00:00'),
(5502, '184', 'Ballesteros', 'Room 172', 'Tuesday', '07:30:00', '08:30:00'),
(5503, '185', 'Layag', 'Room 236', 'Saturday', '13:00:00', '14:00:00'),
(5504, '185', 'Layag', 'Room 184', 'Wednesday', '07:30:00', '08:30:00'),
(5505, '185', 'Layag', 'Room 156', 'Thursday', '16:00:00', '17:00:00'),
(5506, '186', 'Gumabon', 'Room 152', 'Wednesday', '11:00:00', '12:00:00'),
(5507, '186', 'Gumabon', 'Room 241', 'Tuesday', '11:00:00', '12:00:00'),
(5508, '186', 'Gumabon', 'Room 166', 'Thursday', '09:30:00', '10:30:00'),
(5509, '187', 'Alonzo', 'Room 161', 'Saturday', '09:30:00', '10:30:00'),
(5510, '187', 'Alonzo', 'Room 166', 'Saturday', '11:00:00', '12:00:00'),
(5511, '187', 'Alonzo', 'Room 127', 'Wednesday', '14:00:00', '15:00:00'),
(5512, '188', 'Binaluyo', 'Room 179', 'Thursday', '12:00:00', '13:00:00'),
(5513, '188', 'Binaluyo', 'Room 105', 'Thursday', '14:00:00', '15:00:00'),
(5514, '188', 'Binaluyo', 'Room 146', 'Thursday', '16:00:00', '17:00:00'),
(5515, '188', 'Binaluyo', 'Room 191', 'Monday', '14:00:00', '15:00:00'),
(5516, '189', 'Napili', 'Room 122', 'Tuesday', '07:30:00', '08:30:00'),
(5517, '189', 'Napili', 'Room 147', 'Tuesday', '11:00:00', '12:00:00'),
(5518, '189', 'Napili', 'Room 108', 'Wednesday', '11:00:00', '12:00:00'),
(5519, '190', 'Alejo', 'Room 104', 'Friday', '07:30:00', '08:30:00'),
(5520, '190', 'Alejo', 'Room 199', 'Thursday', '11:00:00', '12:00:00'),
(5521, '190', 'Alejo', 'Room 234', 'Saturday', '09:30:00', '10:30:00'),
(5522, '191', 'Lati', 'Room 200', 'Saturday', '13:00:00', '14:00:00'),
(5523, '191', 'Lati', 'Room 148', 'Tuesday', '08:30:00', '09:30:00'),
(5524, '191', 'Lati', 'Room 213', 'Monday', '14:00:00', '15:00:00'),
(5525, '192', 'Orolaza', 'Room 154', 'Saturday', '12:00:00', '13:00:00'),
(5526, '192', 'Orolaza', 'Room 155', 'Friday', '08:30:00', '09:30:00'),
(5527, '192', 'Orolaza', 'Room 183', 'Wednesday', '13:00:00', '14:00:00'),
(5528, '193', 'Tabones', 'Room 168', 'Friday', '13:00:00', '14:00:00'),
(5529, '193', 'Tabones', 'Room 198', 'Thursday', '16:00:00', '17:00:00'),
(5530, '194', 'Dela Cruz', 'Room 241', 'Monday', '16:00:00', '17:00:00'),
(5531, '194', 'Dela Cruz', 'Room 150', 'Friday', '07:30:00', '08:30:00'),
(5532, '195', 'Dinapo', 'Room 200', 'Thursday', '07:30:00', '08:30:00'),
(5533, '195', 'Dinapo', 'Room 142', 'Wednesday', '15:00:00', '16:00:00'),
(5534, '195', 'Dinapo', 'Room 230', 'Tuesday', '14:00:00', '15:00:00'),
(5535, '196', 'Royeca', 'Room 242', 'Friday', '15:00:00', '16:00:00'),
(5536, '196', 'Royeca', 'Room 152', 'Saturday', '11:00:00', '12:00:00'),
(5537, '196', 'Royeca', 'Room 187', 'Thursday', '13:00:00', '14:00:00'),
(5538, '197', 'Vallesteros', 'Room 229', 'Tuesday', '07:30:00', '08:30:00'),
(5539, '197', 'Vallesteros', 'Room 129', 'Tuesday', '08:30:00', '09:30:00'),
(5540, '197', 'Vallesteros', 'Room 197', 'Monday', '08:30:00', '09:30:00'),
(5541, '197', 'Vallesteros', 'Room 129', 'Monday', '10:30:00', '11:00:00'),
(5542, '198', 'Dela Peña', 'Room 118', 'Tuesday', '07:30:00', '08:30:00'),
(5543, '198', 'Dela Peña', 'Room 127', 'Thursday', '11:00:00', '12:00:00'),
(5544, '198', 'Dela Peña', 'Room 114', 'Tuesday', '08:30:00', '09:30:00'),
(5545, '199', 'Obedoza', 'Room 225', 'Friday', '12:00:00', '13:00:00'),
(5546, '199', 'Obedoza', 'Room 104', 'Wednesday', '14:00:00', '15:00:00'),
(5547, '199', 'Obedoza', 'Room 165', 'Monday', '13:00:00', '14:00:00'),
(5548, '200', 'Berza', 'Room 186', 'Friday', '15:00:00', '16:00:00'),
(5549, '200', 'Berza', 'Room 188', 'Tuesday', '14:00:00', '15:00:00'),
(5550, '200', 'Berza', 'Room 192', 'Saturday', '15:00:00', '16:00:00'),
(5551, '201', 'Maniba', 'Room 115', 'Thursday', '12:00:00', '13:00:00'),
(5552, '201', 'Maniba', 'Room 150', 'Thursday', '13:00:00', '14:00:00'),
(5553, '202', 'Bacongallo', 'Room 217', 'Tuesday', '15:00:00', '16:00:00'),
(5554, '202', 'Bacongallo', 'Room 117', 'Wednesday', '11:00:00', '12:00:00'),
(5555, '203', 'Cabrera', 'Room 230', 'Monday', '14:00:00', '15:00:00'),
(5556, '204', 'Valdez', 'Room 167', 'Friday', '12:00:00', '13:00:00'),
(5557, '205', 'Morales', 'Room 116', 'Saturday', '14:00:00', '15:00:00'),
(5558, '206', 'Abanto', 'Room 236', 'Saturday', '16:00:00', '17:00:00'),
(5559, '207', 'Esquilona', 'Room 244', 'Monday', '11:00:00', '12:00:00'),
(5560, '207', 'Esquilona', 'Room 174', 'Tuesday', '12:00:00', '13:00:00'),
(5561, '208', 'Ignacio', 'Room 195', 'Tuesday', '10:30:00', '11:00:00'),
(5562, '208', 'Ignacio', 'Room 192', 'Thursday', '08:30:00', '09:30:00'),
(5563, '209', 'Cabique', 'Room 104', 'Thursday', '09:30:00', '10:00:00'),
(5564, '209', 'Cabique', 'Room 203', 'Friday', '08:30:00', '09:30:00'),
(5565, '210', 'Fernandez', 'Room 109', 'Tuesday', '09:30:00', '10:30:00'),
(5566, '210', 'Fernandez', 'Room 248', 'Tuesday', '16:00:00', '17:00:00'),
(5567, '211', 'Bartolome', 'Room 241', 'Thursday', '13:00:00', '14:00:00'),
(5568, '211', 'Bartolome', 'Room 250', 'Tuesday', '13:00:00', '14:00:00'),
(5569, '212', 'Bacani', 'Room 226', 'Friday', '09:30:00', '10:30:00'),
(5570, '212', 'Bacani', 'Room 183', 'Saturday', '14:00:00', '15:00:00'),
(5571, '213', 'Laguidao', 'Room 195', 'Tuesday', '08:30:00', '09:30:00'),
(5572, '213', 'Laguidao', 'Room 137', 'Saturday', '07:30:00', '08:30:00'),
(5573, '214', 'Bognalos', 'Room 196', 'Wednesday', '16:00:00', '17:00:00'),
(5574, '215', 'Millano', 'Room 149', 'Monday', '07:30:00', '08:30:00'),
(5575, '216', 'Evarola', 'Room 217', 'Monday', '16:00:00', '17:00:00'),
(5576, '216', 'Evarola', 'Room 239', 'Tuesday', '12:00:00', '13:00:00'),
(5577, '216', 'Evarola', 'Room 176', 'Thursday', '08:30:00', '09:30:00'),
(5578, '217', 'Noriega', 'Room 117', 'Saturday', '10:00:00', '11:00:00'),
(5579, '218', 'Ramirez', 'Room 150', 'Monday', '16:00:00', '17:00:00'),
(5580, '218', 'Ramirez', 'Room 108', 'Monday', '07:30:00', '08:30:00'),
(5581, '220', 'Layag', 'Room 165', 'Friday', '12:00:00', '13:00:00'),
(5582, '221', 'Gumabon', 'Room 163', 'Monday', '08:30:00', '09:30:00'),
(5583, '222', 'Alonzo', 'Room 128', 'Monday', '15:00:00', '16:00:00'),
(5584, '225', 'Alde', 'Room 128', 'Wednesday', '14:00:00', '15:00:00'),
(5585, '225', 'Alde', 'Room 105', 'Thursday', '09:30:00', '10:30:00'),
(5586, '226', 'Alejo', 'Room 174', 'Friday', '14:00:00', '15:00:00'),
(5587, '226', 'Alejo', 'Room 110', 'Thursday', '11:00:00', '12:00:00'),
(5588, '227', 'Lati', 'Room 140', 'Thursday', '08:30:00', '09:30:00'),
(5589, '227', 'Lati', 'Room 107', 'Saturday', '13:00:00', '14:00:00'),
(5590, '228', 'Orolaza', 'Room 238', 'Wednesday', '16:00:00', '17:00:00'),
(5591, '228', 'Orolaza', 'Room 169', 'Thursday', '13:00:00', '14:00:00'),
(5592, '229', 'Tabones', 'Room 153', 'Wednesday', '12:00:00', '13:00:00'),
(5593, '229', 'Tabones', 'Room 245', 'Wednesday', '15:00:00', '16:00:00'),
(5594, '232', 'Vallesteros', 'Room 193', 'Friday', '15:00:00', '16:00:00'),
(5595, '233', 'Dela Peña', 'Room 133', 'Tuesday', '16:00:00', '17:00:00'),
(5596, '234', 'Obedoza', 'Room 179', 'Thursday', '07:30:00', '08:30:00'),
(5597, '235', 'Fernando', 'Room 102', 'Thursday', '07:30:00', '08:30:00'),
(5598, '236', 'Acebes', 'Room 114', 'Friday', '14:00:00', '15:00:00'),
(5599, '237', 'Berza', 'Room 105', 'Friday', '10:30:00', '11:00:00'),
(5600, '238', 'Maniba', 'Room 115', 'Tuesday', '15:00:00', '16:00:00'),
(5601, '239', 'Bacongallo', 'Room 202', 'Wednesday', '14:00:00', '15:00:00'),
(5602, '239', 'Bacongallo', 'Room 151', 'Tuesday', '12:00:00', '13:00:00'),
(5603, '240', 'Valdez', 'Room 233', 'Thursday', '09:30:00', '10:00:00'),
(5604, '240', 'Valdez', 'Room 192', 'Monday', '09:30:00', '10:00:00'),
(5605, '241', 'Morales', 'Room 174', 'Friday', '14:00:00', '15:00:00'),
(5606, '241', 'Morales', 'Room 221', 'Saturday', '15:00:00', '16:00:00'),
(5607, '242', 'Abanto', 'Room 243', 'Monday', '16:00:00', '17:00:00'),
(5608, '242', 'Abanto', 'Room 242', 'Monday', '14:00:00', '15:00:00');

-- --------------------------------------------------------

--
-- Table structure for table `student`
--

DROP TABLE IF EXISTS `student`;
CREATE TABLE IF NOT EXISTS `student` (
  `id` int(11) NOT NULL AUTO_INCREMENT,
  `school_aide_id` varchar(20) NOT NULL,
  `last_name` varchar(50) NOT NULL,
  `first_name` varchar(50) NOT NULL,
  `rfid` varchar(20) NOT NULL,
  `section` varchar(50) DEFAULT NULL,
  PRIMARY KEY (`id`)
) ENGINE=MyISAM AUTO_INCREMENT=1772 DEFAULT CHARSET=utf8mb4 COLLATE=utf8mb4_general_ci;

--
-- Dumping data for table `student`
--

INSERT INTO `student` (`id`, `school_aide_id`, `last_name`, `first_name`, `rfid`, `section`) VALUES
(114, '2023000145', 'CASIM', 'FRANCE PATRICIA PAMELA DE GUZMAN', '781382499', NULL),
(202, '2015100032', 'FERNANDEZ', 'ANNA KATRINA ABEJAR', '295072275', NULL),
(224, '2020200134', 'GARRIDO', 'TRIXIA MAE AGUILAR', '777102691', NULL),
(261, '2020200265', 'JIAO', 'FRANCHESKA JAYE VILANO', '783575073', NULL),
(335, '2024000006', 'MATIBAG', 'ANN MARJORIE LAPUZ', '811038439', NULL),
(434, '2023000009', 'REGIS', 'GIO MARK LANDAYAN', '162086906', NULL),
(443, '2024000143', 'ROJAS', 'ROSEANNE JADER', '986211642', NULL),
(475, '2021101118', 'SIBAL', 'RODJAN CORDOVA', '162261690', NULL),
(488, '2022000374', 'SUDARA', 'ERIKA MARI TRIPOLI', '115434481', NULL),
(514, '2024000142', 'TRILLANA', 'KATRINA ISABEL VILLANUEVA', '777778753', NULL),
(524, '2023000064', 'UY', 'JOANNA MARIE PABALAN', '555196755', NULL),
(538, '2023000003', 'VILLANUEVA', 'FRANCIS JHULIAN VALERIO', '810848023', NULL),
(598, '2022200557', 'ACUEZA', 'HANS SHYLLA CORRECES', '289342755', NULL),
(600, '2021200221', 'ADVINCULA', 'MARY DEI PEREZ', '959048647', NULL),
(635, '2022200613', 'AMBROSIO', 'AALIYAH JULIANNA SANTOS', '165492625', NULL),
(640, '2022200346', 'ANDRES', 'LOUIENAIRE CRUZ', '270055955', NULL),
(644, '2023200201', 'ANGOBUNG', 'ANGEL ANDREA DELA CRUZ', '858671738', NULL),
(648, '2021200084', 'ANTIPORDA', 'SOPHIA MICHAELA FRANCISCO', '100961121', NULL),
(659, '2021200226', 'ARCE', 'ARIANNE RUTH NICOLE SILVA', '463561697', NULL),
(668, '2022200548', 'ARUALES', 'NIKKI GEAN', '197733562', NULL),
(683, '2008501814', 'AZUR', 'ANNA ANOG', '457764577', NULL),
(693, '2022200294', 'BALAYAN', 'ERYCA ANNE ARCIAGA', '197655914', NULL),
(699, '2019200309', 'BALTAZAR', 'JULLIANE MARIE CAYETANO', '115402769', NULL),
(710, '2022200361', 'BASE', 'JULIA KLARISSE HERRERA', '276689907', NULL),
(717, '2021A00011', 'BAUTISTA', 'LORAINE GRACE CARLOS', '117109009', NULL),
(726, '2021200031', 'BELTRAN', 'CYRILLE DOMINGO', '114855601', NULL),
(732, '2023200204', 'BERDOLAGA', 'KIM SAN PEDRO', '300545027', NULL),
(736, '2021200190', 'BICEN', 'JAMILA JUNTILLA', '491189650', NULL),
(743, '2010500250', 'BOBIS', 'RAINE ANTOINETTE MASBAD', '248179731', NULL),
(761, '2022200006', 'BRIN', 'ANGELEI MARITHE', '268692467', NULL),
(766, '2022200602', 'BUAN', 'RAQUEL JACOB', '285213971', NULL),
(779, '2021200197', 'CABALLES', 'DENISSE ANGELA AGBAYANI', '298474275', NULL),
(789, '2021200052', 'CALAOAGAN', 'MARY BELINDA BASA', '166458273', NULL),
(790, '2022200351', 'CALDERON', 'BIANCA MAE ALFONSO', '153287057', NULL),
(791, '2022200348', 'CALIANGA', 'BEA ANGELINE GERALDO', '453854689', NULL),
(793, '2024200065', 'CALUBAQUIB', 'BIANCA ANGELOU BALUYO', '162209530', NULL),
(801, '2022200303', 'CANLOBO', 'RIANNE HAZEL UGALDE', '829116087', NULL),
(803, '2021200266', 'CANSADO', 'AALIYAH KYLENE REPLAN', '161103802', NULL),
(813, '2023200285', 'CASTOLO', 'ALYSA MAE MALALUAN', '244072483', NULL),
(816, '2007501531', 'CASTRO', 'MAXINE CRYSTELLE DEL ROSARIO', '469288417', NULL),
(841, '2021200032', 'CONSTANTINO', 'RENAE AUNDREA CENTENO', '987351930', NULL),
(851, '2023200042', 'CRESPO', 'DENISE MOIRA CAMARA', '223224995', NULL),
(870, '2020300079', 'CRUZ', 'KIA FADUL', '863093626', NULL),
(872, '2023200082', 'CRUZ', 'KRISTIANNA ELOISE ZAPANTA', '111234337', NULL),
(875, '2024200140', 'CRUZ', 'MYIESHA KAYIN ARANETA', '736724848', NULL),
(876, '2021200195', 'CRUZ', 'NAEOMIE ASHLEY LORENZO', '181418458', NULL),
(877, '2021200194', 'CRUZ', 'NAEOMIE PATRICE LORENZO', '182413738', NULL),
(878, '2021200049', 'CRUZ', 'ROSEANNA MICHELLE CLEMENTE', '810461351', NULL),
(884, '2021200002', 'CUBILLA', 'LEILA TRICIA ABENUMAN', '987838458', NULL),
(894, '2022200622', 'DADO', 'AARYANNA JAE NUNEZ', '249351731', NULL),
(896, '2022200314', 'DALANON', 'SHEEN', '138395041', NULL),
(901, '2023200016', 'DAR', 'AINGELLE JOHNSHLHYNE KHRINSETH MENDOZA', '858840719', NULL),
(902, '2022200612', 'DAUZ', 'CLAIRE DANIELLE BUENO', '235050227', NULL),
(918, '2022200324', 'DE JESUS', 'MA. CEFERINA EMMA GRANADA', '198144842', NULL),
(931, '2023200098', 'DE VERA', 'AALIYAH FRANCESCCA SAGER', '230721699', NULL),
(935, '2021200274', 'DEL MUNDO', 'ANN DANNAH LUMADILLA', '959258615', NULL),
(941, '2023200070', 'DEL VALLE', 'JULIANNE JAYNE KHO', '866760058', NULL),
(944, '2022200320', 'DELA CRUZ', 'DAISY RAIN MANGULABNAN', '289084691', NULL),
(949, '2020300058', 'DELA CRUZ', 'SOPHIA MICHAELAH ARABEJO', '181067834', NULL),
(961, '2023200179', 'DELOS', 'AMA, KEECHEE SIBAYAN', '231234707', NULL),
(972, '2021200135', 'DIAZ', 'THERESE CARMELA RUBIO', '677134394', NULL),
(974, '2021200272', 'DILLENA', 'RITA JANE SABILALA', '462983137', NULL),
(977, '2022200293', 'DINO', 'ZAMAICA GANADE', '251408371', NULL),
(978, '2022200359', 'DIONELA', 'MARION OSIAS', '813893639', NULL),
(984, '2022200507', 'DOMINGO', 'FRANCINE MALLARI', '197232538', NULL),
(985, '2021200198', 'DONATO', 'ZIA LORRAINE GARCIA', '269751587', NULL),
(990, '2022200335', 'DULOG', 'BEATRIZ ISABELLE', '164883649', NULL),
(995, '2022200558', 'EBITA', 'ALYSSA JOSH SALVATIERRA', '155391393', NULL),
(1012, '2022200350', 'ESCAÑO', 'KEETH CORPUZ', '242432835', NULL),
(1047, '2022200001', 'FERNANDEZ', 'JONA MA. LAYA DELIMA', '295923987', NULL),
(1055, '2021200152', 'FLORES', 'KHIRSTEN RAYNE JARIN', '959555159', NULL),
(1067, '2023200257', 'FRANCISCO', 'RENALYN PAJAROJA', '863371930', NULL),
(1077, '2021200218', 'GALVE', 'ATASHA NICOLE FRANCES COLLADO', '829517879', NULL),
(1082, '2021200137', 'GAPAS', 'RUZZLE KAIRA', '986252746', NULL),
(1083, '2021200006', 'GAPIDO', 'MARIA DOMINIQUE SERDON', '497590162', NULL),
(1086, '2017300076', 'GARCIA', 'ANIKA DIANTHA ALYANA BOBIS', '813884215', NULL),
(1088, '2022200419', 'GARCIA', 'JILLIAN CHEYENNE MAÑOSA', '156172673', NULL),
(1092, '2022200364', 'GARCIA', 'TRISHA STEPHANIE', '183326890', NULL),
(1095, '2021200110', 'GATMAYTAN', 'CARMEN ALIYAH MERCEDES REYES', '959518423', NULL),
(1118, '2010500013', 'GUINGON', 'TATIANA LINDA RAMONES', '829702343', NULL),
(1123, '2021200228', 'GUTIERREZ', 'DANICA BEATRIZE CONCEPCION', '695909450', NULL),
(1129, '2020300097', 'HADJIRUL', 'CHRISTIANNE KELSEY ROQUE', '813668023', NULL),
(1133, '2022200560', 'HERNANDEZ', 'MA. GABRIELLA BAQUIRAN', '183382330', NULL),
(1142, '2022200633', 'IGNACIO', 'RIZZAINE SANTOS', '166510737', NULL),
(1143, '2023200017', 'IGNACIO', 'YESHA JANYNNE CRUZ', '864578170', NULL),
(1144, '2023200047', 'ILAGAN', 'MIKAELA MAY BITUIN', '858358650', NULL),
(1155, '2021200123', 'JAO', 'JAEMARIE REIGN TECSON', '301727763', NULL),
(1162, '2021200258', 'JUNSAY', 'NICE CARLENE GAVIOLA', '695453178', NULL),
(1169, '2021200094', 'KWAN', 'HANNAH DEBORAH MERCADO', '277743907', NULL),
(1178, '2022200399', 'LAMANO', 'DIANE MARGARETTE NATIVIDAD', '829570487', NULL),
(1183, '2022200319', 'LAO', 'SHEAN NATHALIE AMATA', '198071514', NULL),
(1184, '2010500113', 'LAPESURA', 'CARMELA ADOR', '183379962', NULL),
(1190, '2022200291', 'LAZARO', 'LEIANNE MEDINA', '974742119', NULL),
(1199, '2022200286', 'LEGASPI', 'ROBYNNE GAILE CLEOFAS', '495911570', NULL),
(1206, '2022200555', 'LIZARDO', 'ASHLEY NICOLE BAUTISTA', '197626666', NULL),
(1209, '2019A00061', 'LLENA', 'DIANNE CLAIRE BALVERDE', '958661527', NULL),
(1224, '2024200293', 'MABUSING', 'ABDUL MUEED ANAM', '857346682', NULL),
(1232, '2022200549', 'MADRIGAL', 'EIRALIZ GUBI', '157288129', NULL),
(1238, '2021300026', 'MAGLONZO', 'SHANE MARIE UY', '872044938', NULL),
(1241, '2023200102', 'MALAPAD', 'CHARLOTTE ANNE PANGAN', '866958442', NULL),
(1245, '2022200406', 'MANABAT', 'PAMELA MAE NACIANCENO', '298390803', NULL),
(1248, '2009401608', 'MANANGHAYA', 'FELICIA ANTONINA BOLHAYON', '166035889', NULL),
(1263, '2019200331', 'MARCOS', 'NICOLE ANDRE VISAYA', '810878743', NULL),
(1266, '2012400062', 'MARIANO', 'ANNETTE GUEVARRA', '181689834', NULL),
(1272, '2015900020', 'MARTINEZ', 'LUCIA FERNANDEZ', '829677943', NULL),
(1286, '2022200609', 'MELENDRES', 'SAMANTHA MICKAELA AGUILAR', '295596323', NULL),
(1302, '2022200404', 'MINDO', 'RHEVIECHEN ARSZEN MUNGCAL', '288192275', NULL),
(1308, '2021200245', 'MONJE', 'HANA MARIE VENTURA', '988553194', NULL),
(1311, '2020200107', 'MONTON', 'NEA PEREZ', '153882801', NULL),
(1313, '2019300165', 'MORALEJO', 'SOPHIA NICOLE PANGILINAN', '999723402', NULL),
(1316, '2020200293', 'MORILLO', 'CLAUDETTE SALALIMA', '975669767', NULL),
(1319, '2022200413', 'MUECO', 'HALLE BEATRICE DOLATRE', '156796577', NULL),
(1331, '2020200051', 'NARIDA', 'ALYSSA MARIE GADUYON', '286035715', NULL),
(1333, '2022200388', 'NATIVIDAD', 'COLLEEN BONDOY', '245925411', NULL),
(1339, '2021200050', 'NAVIDA', 'PAULINE LOUISE TAN', '454718673', NULL),
(1342, '2008501939', 'NERI', 'PAULINE GOLDA DE GUZMAN', '103931089', NULL),
(1350, '2023200009', 'NICOLAS', 'ROBERTA MIGUELLA MARIA ALONZO', '872157562', NULL),
(1366, '2023200148', 'ORDOÑEZ', 'EDRIZA ANGELICA AQUINO', '855830378', NULL),
(1369, '2024200222', 'ORONCE', 'JOYCE PATRICIA BARTOLOME', '238682691', NULL),
(1374, '2021200138', 'OSORMAN', 'YCKAH FRANCEZ SALANDANAN', '860200826', NULL),
(1375, '2022200005', 'PABALAN', 'ELYANNA LOUISSE IBASCO', '197884794', NULL),
(1383, '2010500173', 'PAHATE', 'NINA ISABELLA GIL', '856740202', NULL),
(1385, '2022200529', 'PALARA', 'ALEXIS ANDREE AMORANTO', '959633239', NULL),
(1397, '2022200382', 'PARCON', 'ELLA REIGN LORENO', '497915234', NULL),
(1404, '2015900090', 'PATIGDAS', 'SHANE', '861816186', NULL),
(1406, '2020200099', 'PAYUMO', 'MARION ADRIANA ROCCINI', '975636599', NULL),
(1411, '2023200172', 'PELAGO', 'ROSARIO MARI GARCIA', '223928963', NULL),
(1415, '2022200391', 'PEPITO', 'JULLIANNE SANTILLAN', '575216132', NULL),
(1419, '2022200334', 'PEREZ', 'KRISHNA ARGONCILLO', '292193027', NULL),
(1420, '2022200559', 'PHANKWAN', 'DARINEE TRISHIA CRUZ', '290925075', NULL),
(1425, '2022200566', 'PINLAC', 'FRANCESE THERESE ANDALE', '168299841', NULL),
(1430, '2021200097', 'POLICARPIO', 'DOMINIQUE ALTHEA LANDICHO', '986576474', NULL),
(1431, '2021300004', 'POSAS', 'SELEENA MICHAELA SALAZAR', '241323091', NULL),
(1432, '2009502433', 'PRINCIPE', 'MAIE GABRIELLE VILLAROMAN', '737768560', NULL),
(1437, '2022200318', 'QUA', 'MAI CHESKA YE-SHA BERNABE', '975659495', NULL),
(1439, '2023200014', 'QUERI', 'ANGELICA NICOLE MEDINA', '810393479', NULL),
(1441, '2022200358', 'QUIAMBAO', 'ZARINA FRANCES RUSTIA', '281968915', NULL),
(1443, '2021200188', 'QUIJANO', 'MAXINE ISABEL PEREZ', '811615927', NULL),
(1451, '2021200242', 'RADAZA', 'SHERMILYN FAITH SABANGAN', '959050679', NULL),
(1457, '2022200004', 'RAMIRO', 'IVY LORAINE RIBANO', '241346611', NULL),
(1462, '2021200249', 'RAMOS', 'MAYUMI ISABEL CACHO', '905251542', NULL),
(1464, '2022200397', 'RAMOS', 'NISHY SALAZAR', '975526727', NULL),
(1468, '2009502340', 'RAZA', 'AEZIEN ZERI SADAYA', '155797441', NULL),
(1469, '2018200229', 'REBUENO', 'KRISTIENNE VICTORIA ENRIQUEZ', '767857077', NULL),
(1484, '2021200036', 'RIVERA', 'AUBREY BEATRIZ GABAON', '999034138', NULL),
(1487, '2023200143', 'RIVERA', 'MIKHAILA KAROLYNE TIU', '108326929', NULL),
(1497, '2022200563', 'ROLLOQUE', 'MARIA IVYZA DALA', '497759680', NULL),
(1498, '2023200011', 'ROMERO', 'KATREENA DAWN SIASOCO', '858750330', NULL),
(1504, '2022200345', 'ROQUE', 'JULIANA CHAUNCY BALAGTAS', '285764883', NULL),
(1505, '2021200099', 'ROSALES', 'CLARISSA MAE DE GUZMAN', '999474858', NULL),
(1509, '2023200159', 'ROSLOVTSEV', 'MARIA NATALIA LEE', '230803075', NULL),
(1513, '2024200162', 'RUEDA', 'SAMANTHA NICOLE ANDRES', '811294663', NULL),
(1524, '2022200635', 'SALINAS', 'JULIA VIKTORIA RARELA', '155813057', NULL),
(1529, '2021200217', 'SALVADOR', 'JAZMIN FRANCISCO', '300778771', NULL),
(1530, '2022200342', 'SAMONTE', 'CRYSTAL NICOLE GONZALES', '301928451', NULL),
(1536, '2022200299', 'SANCHEZ', 'CLAIRE YVONNE', '959261671', NULL),
(1539, '2023200185', 'SANGAO', 'MILEVA ALEXANDRIA GARZON', '182729562', NULL),
(1540, '2023200057', 'SANTA', 'ANA , MARTINA ALEXIE GAN', '228312451', NULL),
(1542, '2022200516', 'SANTIAGO', 'RIANNA MAE BENITEZ', '165270689', NULL),
(1544, '2022200310', 'SANTIAGO', 'CHRISTINE JOY MENDOZA', '198036874', NULL),
(1545, '2023200100', 'SANTIAGO', 'SOPHIA BIANCA RAMOS', '161345425', NULL),
(1564, '2021200066', 'SARMIENTO', 'AMANDA ROCIO CARRIEDO', '284326643', NULL),
(1567, '2008502009', 'SARMIENTO', 'SABYNE MARIA LAMASAN', '577573793', NULL),
(1574, '2011400062', 'SEGUNDERA', 'SOPHIA MIKAELA SISON', '813685127', NULL),
(1579, '2023200055', 'SESPEÑE', 'ALGE LYN NALDOZA', '865706874', NULL),
(1580, '2009502600', 'SHARMA', 'MEHAK', '182790778', NULL),
(1581, '2022200584', 'SIGUAN', 'KRISTINE MARGARETTE GARCHITORENA', '231591811', NULL),
(1582, '2022200400', 'SIJERA', 'HANNAH EXUPERY ABID', '197780314', NULL),
(1584, '2022200411', 'SIKAT', 'CHRISTINE ANN PONCE', '813113063', NULL),
(1586, '2021200023', 'SIMEON', 'BRAEDEN GIAN DALE CRUZ', '197614938', NULL),
(1593, '2021200041', 'SOLANGON', 'JONNI MAE SUMAYLO', '558205267', NULL),
(1598, '2022200336', 'SOLLEGUE', 'SENDRICA SIMONE VALDEZ', '287994627', NULL),
(1604, '2018200259', 'SORIA', 'BIANCA ANGELA ACUÑA', '670929173', NULL),
(1611, '2022200347', 'SORRIANO', 'EFA MAE GARCIA', '197194026', NULL),
(1625, '2022200544', 'SY', 'ALYSSA NICOLE GAVIOLA', '292652035', NULL),
(1628, '2023200131', 'TABAGO', 'MARIA ISABELLE PAGTAMA', '154466977', NULL),
(1630, '2021200009', 'TABUCOL', 'ERIN SAMANTHA VIDAL', '276431651', NULL),
(1635, '2023200020', 'TAGUINOD', 'FRANCINE AALIYANAH FLORES', '859745386', NULL),
(1636, '2023200037', 'TALABIS', 'LYKA ALECXIS JAVIER', '198978698', NULL),
(1643, '2022200538', 'TANTE', 'PRINCESS JEBERLYN PICO', '162113953', NULL),
(1644, '2022200308', 'TANYAG', 'MARGARET OLIVE ESPERANZA', '812995751', NULL),
(1649, '2021200175', 'TEMPLO', 'PAMELA BEATRICE ROBLES', '987984922', NULL),
(1650, '2012400113', 'TENDILLA', 'JHUNIZZ YZABHEL RUPA', '858278522', NULL),
(1651, '2023200226', 'TENMATAY', 'MONETTE ROSE FERNANDEZ', '223136387', NULL),
(1670, '2021200153', 'TORRES', 'MIKHAELA NICOLE', '182108506', NULL),
(1672, '2024200128', 'TRESPECES', 'MA. ALTHEA YVEZ', '37277626', NULL),
(1676, '2022200003', 'TUAZON', 'JIZELLE ROSE JOCSON', '197015466', NULL),
(1679, '2022200375', 'TUMAPAT', 'JULIA ARWEN SOCORIN', '176929809', NULL),
(1685, '2023200175', 'UMAYAM', 'ZHARLICE LIM', '226473875', NULL),
(1693, '2022200300', 'VALERA', 'DARLA ROSELYN VELASCO', '291655955', NULL),
(1705, '2023200034', 'VERGARA', 'MIKHAILA DOMINIQUE MARIANO', '104066577', NULL),
(1710, '2021200204', 'VERZO', 'ZOE NICOLA MARTINEZ', '151051169', NULL),
(1722, '2021200183', 'VILLAMOR', 'LAUREN JACQUELINE CAPISTRANO', '576839825', NULL),
(1723, '2021200018', 'VILLANO', 'PATRICIA SOPHIA TONGSON', '454844897', NULL),
(1724, '2022200620', 'VILLANUEVA', 'CAMILLE VICTORIA AQUIAS', '163834001', NULL),
(1729, '2021200095', 'VILLANUEVA', 'STEPHANIE AMBER DIZON', '999716298', NULL),
(1742, '2015900106', 'YADORI', 'AALIYAH MAOWI GERILLA', '101408241', NULL),
(1762, '2020200307', 'ZINGALAWA', 'LHY-AR MORALES', '320222054', NULL),
(1771, '2023200048', 'GONZALES', 'GIANNAH DE VERA', '231017107', NULL);

-- --------------------------------------------------------

--
-- Table structure for table `students`
--

DROP TABLE IF EXISTS `students`;
CREATE TABLE IF NOT EXISTS `students` (
  `section_id` varchar(10) NOT NULL,
  `program` varchar(50) DEFAULT NULL,
  `year_level` int(11) DEFAULT NULL,
  `num_students` int(11) DEFAULT NULL,
  `section_name` varchar(100) DEFAULT NULL,
  `adviser_last_name` varchar(50) DEFAULT NULL,
  `adviser_first_name` varchar(50) DEFAULT NULL,
  PRIMARY KEY (`section_id`)
) ENGINE=MyISAM DEFAULT CHARSET=utf8mb4 COLLATE=utf8mb4_general_ci;

--
-- Dumping data for table `students`
--

INSERT INTO `students` (`section_id`, `program`, `year_level`, `num_students`, `section_name`, `adviser_last_name`, `adviser_first_name`) VALUES
('SEC001', 'Accountancy, Business and Management', 11, 30, 'ABM-11A - OUR LADY OF LA NAVAL', 'Millano', 'Millano'),
('SEC002', 'Accountancy, Business and Management', 12, 40, 'ABM-12A - OUR LADY OF PEACE & GOOD VOYAGE', 'Paulo', 'Paulo'),
('SEC003', 'Science, Technology, Engineering, and Mathematics', 11, 35, 'STEM-11A - OUR LADY MARY HELP OF CHRISTIAN', 'Noriega', 'Noriega'),
('SEC004', 'Science, Technology, Engineering, and Mathematics', 12, 45, 'STEM-12A - OUR LADY OF MANAOAG', 'Bartolome', 'Bartolome'),
('SEC005', 'Humanities and Social Sciences', 11, 32, 'HUMSS-11A - OUR LADY OF CANDELARIA', 'Evarola', 'Evarola'),
('SEC006', 'Humanities and Social Sciences', 12, 42, 'HUMSS-12A - OUR LADY OF THE PILLAR', 'Fernandez', 'Fernandez'),
('SEC007', 'Accountancy, Business and Management', 11, 30, 'ABM-11B - OUR LADY OF LIGHT', 'Tagoy', 'Tagoy'),
('SEC008', 'Accountancy, Business and Management', 12, 40, 'ABM-12B - OUR LADY OF PIAT', 'Bacani', 'Bacani'),
('SEC009', 'Science, Technology, Engineering, and Mathematics', 11, 28, 'STEM-11C - OUR LADY OF ROSE', 'Encarnacion', 'Encarnacion'),
('SEC010', 'Science, Technology, Engineering, and Mathematics', 12, 34, 'STEM-12C - OUR LADY OF PENAFRANCIA', 'Laguidao', 'Laguidao'),
('SEC011', 'Humanities and Social Sciences', 11, 30, 'HUMSS-11B - OUR LADY OF GRACE', 'LANGCAUON', 'LANGCAUON'),
('SEC012', 'Humanities and Social Sciences', 12, 36, 'HUMSS-12B - OUR LADY OF CHARITY', 'Bognalos', 'Bognalos'),
('SEC013', 'Accountancy, Business and Management', 11, 32, 'ABM-11C - OUR LADY, QUEEN OF ANGELS', 'Owit', 'Owit'),
('SEC014', 'Accountancy, Business and Management', 12, 38, 'ABM-12C - OUR LADY, MOTHER OF GOD', 'Tulang', 'Tulang'),
('SEC015', 'Science, Technology, Engineering, and Mathematics', 11, 40, 'STEM-11D - OUR LADY, QUEEN OF HEAVEN', 'Tanguin', 'Tanguin'),
('SEC016', 'Science, Technology, Engineering, and Mathematics', 12, 30, 'STEM-12D -  OUR LADY OF CHARITY', 'Bognalos', 'Bognalos'),
('SEC017', 'Humanities and Social Sciences', 11, 30, 'HUMSS-11C - OUR LADY OF GUADALUPE', 'Jugarap', 'Jugarap'),
('SEC018', 'Humanities and Social Sciences', 12, 35, 'HUMSS-12C - OUR LADY OF FATIMA', 'Alvarez', 'Alvarez'),
('SEC019', 'Accountancy, Business and Management', 11, 30, 'ABM-11D - OUR LADY OF LOURDES', 'Botalon', 'Botalon'),
('SEC020', 'Accountancy, Business and Management', 12, 32, 'ABM-12D - OUR LADY OF LA SALETTE', 'Bitancor', 'Bitancor'),
('SEC021', 'Kindergarten', 0, 20, 'KINDER-1 - OUR LADY OF PEACE', 'Esquilona', 'Esquilona'),
('SEC022', 'Kindergarten', 0, 20, 'KINDER-2 - ST. AGATHA', 'Esquilona', 'Esquilona'),
('SEC023', 'Nursery', 0, 15, 'NURSERY-1 - OUR LADY OF CHARITY', 'Cabique', 'Cabique'),
('SEC024', 'Nursery', 0, 15, 'NURSERY-2 - ST. ALOYSIUS GONZAGA', 'Ignacio', 'Ignacio'),
('SEC025', 'Toddler', 0, 10, 'TODDLER-1 - OUR LADY OF FATIMA', 'Alvarez', 'Alvarez'),
('SEC026', 'Toddler', 0, 10, 'TODDLER-2 - ST. CECILIA', 'Cabique', 'Cabique'),
('SEC027', 'Grade 1', 1, 30, 'GRADE 1A - ST. CHRISTOPHER', 'Ramirez', 'Ramirez'),
('SEC028', 'Grade 1', 1, 30, 'GRADE 1B - ST. PATRICK', 'Esquilona', 'Esquilona'),
('SEC029', 'Grade 1', 1, 30, 'GRADE 1C - ST. ANTHONY OF PADUA', 'Ballesteros', 'Ballesteros'),
('SEC030', 'Grade 2', 2, 30, 'GRADE 2A - ST. JUSTIN', 'Layag', 'Layag'),
('SEC031', 'Grade 2', 2, 30, 'GRADE 2B - ST. FRANCIS XAVIER', 'Gumabon', 'Gumabon'),
('SEC032', 'Grade 2', 2, 30, 'GRADE 2C - ST. LUKE', 'Alonzo', 'Alonzo'),
('SEC033', 'Grade 3', 3, 30, 'GRADE 3A - ST. ANNE', 'Binaluyo', 'Binaluyo'),
('SEC034', 'Grade 3', 3, 30, 'GRADE 3B - ST. CAMILLUS DE LELLIS', 'Napili', 'Napili'),
('SEC035', 'Grade 3', 3, 30, 'GRADE 3C - ST. MARTIN DE PORRES', 'Alde', 'Alde'),
('SEC036', 'Grade 4', 4, 30, 'GRADE 4A - ST. TERESA OF CALCUTTA', 'Alejo', 'Alejo'),
('SEC037', 'Grade 4', 4, 30, 'GRADE 4B - ST. PADRE PIO', 'Lati', 'Lati'),
('SEC038', 'Grade 4', 4, 30, 'GRADE 4C - ST. BLASÉ', 'Orolaza', 'Orolaza'),
('SEC039', 'Grade 5', 5, 30, 'GRADE 5A - ST. LAWRENCE', 'Tabones', 'Tabones'),
('SEC040', 'Grade 5', 5, 30, 'GRADE 5B - ST. ROCH', 'Dela Cruz', 'Dela Cruz'),
('SEC041', 'Grade 5', 5, 30, 'GRADE 5C - ST. FRANCIS OF ASSISI', 'Dinapo', 'Dinapo'),
('SEC042', 'Grade 6', 6, 30, 'GRADE 6A - ST. CLARE', 'Barretto', 'Barretto'),
('SEC043', 'Grade 6', 6, 30, 'GRADE 6B - ST. AGNES', 'Guttierez', 'Guttierez'),
('SEC044', 'Grade 6', 6, 30, 'GRADE 6C - ST. MARIA GORETTI', 'Laque', 'Laque'),
('SEC045', 'Grade 7', 7, 30, 'GRADE 7A - ST. RITA OF CASCIA', 'Odtohan', 'Odtohan'),
('SEC046', 'Grade 7', 7, 30, 'GRADE 7B - ST. ROSE OF LIMA', 'Rimarim', 'Rimarim'),
('SEC047', 'Grade 7', 7, 30, 'GRADE 7C - ST. BLANDINE', 'Delos Santos', 'Delos Santos'),
('SEC048', 'Grade 8', 8, 30, 'GRADE 8A - ST. JHUDIEL', 'Baraquel', 'Baraquel'),
('SEC049', 'Grade 8', 8, 30, 'GRADE 8B - CHERUBIM', 'Cabasbas', 'Cabasbas'),
('SEC050', 'Grade 8', 8, 30, 'GRADE 8C - SERAPHIM', 'Cabasbas', 'Cabasbas'),
('SEC051', 'Grade 9', 9, 30, 'GRADE 9A - ANGEL REMIEL', 'Gante', 'Gante'),
('SEC052', 'Grade 9', 9, 30, 'GRADE 9B - ANGEL OF PEACE', 'Baraquel', 'Baraquel'),
('SEC053', 'Grade 9', 9, 30, 'GRADE 9C - ST. GABRIEL', 'Fructuoso', 'Fructuoso'),
('SEC054', 'Grade 10', 10, 30, 'GRADE 10A - ST. MICHAEL', 'Fructuoso', 'Fructuoso'),
('SEC055', 'Grade 10', 10, 30, 'GRADE 10B - ST. RAPHAEL', 'Gante', 'Gante'),
('SEC056', 'Grade 10', 10, 30, 'GRADE 10C - ST. DOMINIC SAVIO', 'Achapero', 'Achapero'),
('SEC057', 'Grade 10', 10, 30, 'GRADE 10D - ST. JOHN BOSCO', 'Carrasco', 'Carrasco'),
('SEC058', 'Grade 10', 10, 30, 'GRADE 10E - ST. VINCENT FERRER', 'Orbita', 'Orbita'),
('SEC059', 'Grade 10', 10, 30, 'GRADE 10F - ST. JOSEPH OF CUPERTINO', 'DELA CRUZ', 'DELA CRUZ'),
('SEC060', 'Grade 10', 10, 30, 'GRADE 10G - ST. MATTHEW', 'Cadiente', 'Cadiente'),
('SEC061', 'Grade 10', 10, 30, 'GRADE 10H - ST. ANDREW', 'Gabiola', 'Gabiola'),
('SEC062', 'Grade 10', 10, 30, 'GRADE 10I - ST. JAMES', 'Canadilla', 'Canadilla'),
('SEC063', 'Grade 10', 10, 30, 'GRADE 10J - ST. JOHN', 'Manago', 'Manago'),
('SEC064', 'Grade 10', 10, 30, 'GRADE 10K - ST. PAUL', 'De Lara', 'De Lara'),
('SEC065', 'Grade 10', 10, 30, 'GRADE 10L - ST. PETER', 'De Asis', 'De Asis'),
('SEC066', 'Grade 10', 10, 30, 'GRADE 10M - ST. JOHN THE BAPTIST', 'Royeca', 'Royeca'),
('SEC067', 'Grade 10', 10, 30, 'GRADE 10N - ST. LORENZO RUIZ', 'Vallesteros', 'Vallesteros'),
('SEC068', 'Grade 10', 10, 30, 'GRADE 10O - ST. MAXIMILIAN KOLBE', 'Dela Peñ', 'Dela Peñ'),
('SEC069', 'Grade 10', 10, 30, 'GRADE 10P - ST. PEDRO CALUNGSOD', 'Obedoza', 'Obedoza'),
('SEC070', 'Grade 10', 10, 30, 'GRADE 10Q - ST. SEBASTIAN', 'Fernando', 'Fernando'),
('SEC071', 'Grade 10', 10, 30, 'GRADE 10R - ST. AUGUSTINE', 'Acebes', 'Acebes'),
('SEC072', 'Grade 10', 10, 30, 'GRADE 10S - ST. AMBROSE', 'Berza', 'Berza'),
('SEC073', 'Grade 10', 10, 30, 'GRADE 10T - ST. ANSELM', 'Maniba', 'Maniba'),
('SEC074', 'Grade 10', 10, 30, 'GRADE 10U - ST. BONAVENTURE', 'Bacongallo', 'Bacongallo'),
('SEC075', 'Grade 10', 10, 30, 'GRADE 10V - ST. CATHERINE OF SIENA', 'Cabrera', 'Cabrera'),
('SEC076', 'Grade 10', 10, 30, 'GRADE 10W - ST. JEROME', 'Valdez', 'Valdez'),
('SEC077', 'Grade 10', 10, 30, 'GRADE 10X - ST. JOHN PAUL II', 'Morales', 'Morales'),
('SEC078', 'Grade 10', 10, 30, 'GRADE 10Y - ST. ALPHONSUS DE LIGOURI', 'Abanto', 'Abanto');

-- --------------------------------------------------------

--
-- Table structure for table `subjects`
--

DROP TABLE IF EXISTS `subjects`;
CREATE TABLE IF NOT EXISTS `subjects` (
  `subject_code` varchar(20) NOT NULL,
  `subject_name` varchar(255) DEFAULT NULL,
  `year_level` varchar(50) DEFAULT NULL,
  `program` varchar(255) DEFAULT NULL,
  `lecture_hours` int(11) DEFAULT NULL,
  `semester` int(11) DEFAULT NULL,
  PRIMARY KEY (`subject_code`)
) ENGINE=MyISAM AUTO_INCREMENT=243 DEFAULT CHARSET=utf8mb4 COLLATE=utf8mb4_general_ci;

--
-- Dumping data for table `subjects`
--

INSERT INTO `subjects` (`subject_code`, `subject_name`, `year_level`, `program`, `lecture_hours`, `semester`) VALUES
('1', 'Filipino 7', 'Grade 7', 'Grade 7', 3, NULL),
('2', 'English 7', 'Grade 7', 'Grade 7', 4, NULL),
('3', 'Mathematics 7', 'Grade 7', 'Grade 7', 4, NULL),
('4', 'Science & Health 7', 'Grade 7', 'Grade 7', 4, NULL),
('5', 'Araling Panlipunan 7', 'Grade 7', 'Grade 7', 3, NULL),
('6', 'Christian Living Education 7', 'Grade 7', 'Grade 7', 3, NULL),
('7', 'MAPEH 7', 'Grade 7', 'Grade 7', 3, NULL),
('8', 'TLE 7', 'Grade 7', 'Grade 7', 2, NULL),
('9', 'Filipino 8', 'Grade 8', 'Grade 8', 3, NULL),
('10', 'English 8', 'Grade 8', 'Grade 8', 3, NULL),
('11', 'Mathematics 8', 'Grade 8', 'Grade 8', 3, NULL),
('12', 'Science & Health 8', 'Grade 8', 'Grade 8', 3, NULL),
('13', 'Araling Panlipunan 8', 'Grade 8', 'Grade 8', 3, NULL),
('14', 'Christian Living Education 8', 'Grade 8', 'Grade 8', 3, NULL),
('15', 'MAPEH 8', 'Grade 8', 'Grade 8', 3, NULL),
('16', 'TLE 8', 'Grade 8', 'Grade 8', 2, NULL),
('17', 'Filipino 9', 'Grade 9', 'Grade 9', 3, NULL),
('18', 'English 9', 'Grade 9', 'Grade 9', 3, NULL),
('19', 'Mathematics 9', 'Grade 9', 'Grade 9', 3, NULL),
('20', 'Science & Health 9', 'Grade 9', 'Grade 9', 3, NULL),
('21', 'Araling Panlipunan 9', 'Grade 9', 'Grade 9', 3, NULL),
('22', 'Christian Living Education 9', 'Grade 9', 'Grade 9', 3, NULL),
('23', 'MAPEH 9', 'Grade 9', 'Grade 9', 3, NULL),
('24', 'TLE 9', 'Grade 9', 'Grade 9', 2, NULL),
('25', 'Filipino 10', 'Grade 10', 'Grade 10', 3, NULL),
('26', 'English 10', 'Grade 10', 'Grade 10', 3, NULL),
('27', 'Mathematics 10', 'Grade 10', 'Grade 10', 3, NULL),
('28', 'Science & Health 10', 'Grade 10', 'Grade 10', 3, NULL),
('29', 'Araling Panlipunan 10', 'Grade 10', 'Grade 10', 3, NULL),
('30', 'Christian Living Education 10', 'Grade 10', 'Grade 10', 3, NULL),
('31', 'MAPEH 10', 'Grade 10', 'Grade 10', 3, NULL),
('32', 'TLE 10', 'Grade 10', 'Grade 10', 2, NULL),
('33', 'Faith in the Light of the Epistles of Paul 1', 'Grade 11', 'Accountancy, Business and Management', 2, 1),
('34', 'Faith in the Light of the Epistles of Paul 1', 'Grade 11', 'Science, Technology, Engineering, and Mathematics', 2, 1),
('35', 'Oral Communication', 'Grade 11', 'Humanities and Social Sciences', 2, 1),
('36', 'Oral Communication', 'Grade 11', 'Science, Technology, Engineering, and Mathematics', 2, 1),
('37', 'Organization and Management', 'Grade 11', 'Accountancy, Business and Management', 3, 1),
('38', 'Business Math', 'Grade 11', 'Accountancy, Business and Management', 3, 1),
('39', 'Fundamentals of Accountancy, Business and Mgnt 1', 'Grade 11', 'Accountancy, Business and Management', 3, 2),
('40', 'Komunikasyon at Pananaliksik sa Wika at Kulturang Filipino', 'Grade 11', 'Humanities and Social Sciences', 2, 1),
('41', 'Komunikasyon at Pananaliksik sa Wika at Kulturang Filipino', 'Grade 11', 'Science, Technology, Engineering, and Mathematics', 2, 1),
('42', 'Applied Economics', 'Grade 12', 'Accountancy, Business and Management', 3, 1),
('43', 'Fundamentals of Accountancy, Business and Mgnt 2', 'Grade 12', 'Accountancy, Business and Management', 3, 1),
('44', 'Principles of Marketing', 'Grade 11', 'Accountancy, Business and Management', 3, 2),
('45', 'Business Finance', 'Grade 12', 'Accountancy, Business and Management', 3, 2),
('46', 'Business Ethics and Social Responsibility', 'Grade 12', 'Accountancy, Business and Management', 3, 2),
('47', 'Work Immersion/Business Enterprise Simulation', 'Grade 12', 'Accountancy, Business and Management', 3, 2),
('48', 'Contemporary Philippine Arts from the Regions', 'Grade 12', 'Accountancy, Business and Management', 2, 1),
('49', 'Contemporary Philippine Arts from the Regions', 'Grade 12', 'Humanities and Social Sciences', 2, 1),
('50', 'Contemporary Philippine Arts from the Regions', 'Grade 12', 'Science, Technology, Engineering, and Mathematics', 2, 1),
('51', 'Understanding Culture, Society, and Politics', 'Grade 12', 'Accountancy, Business and Management', 2, 1),
('52', 'Understanding Culture, Society, and Politics', 'Grade 12', 'Humanities and Social Sciences', 2, 1),
('53', 'Understanding Culture, Society, and Politics', 'Grade 12', 'Science, Technology, Engineering, and Mathematics', 2, 1),
('54', 'Physical Education and Health 3', 'Grade 12', 'Accountancy, Business and Management', 2, 1),
('55', 'Physical Education and Health 3', 'Grade 12', 'Humanities and Social Sciences', 2, 1),
('56', 'Physical Education and Health 3', 'Grade 12', 'Science, Technology, Engineering, and Mathematics', 2, 1),
('57', 'Catholic Social Teaching', 'Grade 12', 'Accountancy, Business and Management', 2, 2),
('58', 'Catholic Social Teaching', 'Grade 12', 'Humanities and Social Sciences', 2, 2),
('59', 'Catholic Social Teaching', 'Grade 12', 'Science, Technology, Engineering, and Mathematics', 2, 2),
('60', 'Media and Information Literacy', 'Grade 12', 'Accountancy, Business and Management', 2, 2),
('61', 'Media and Information Literacy', 'Grade 12', 'Humanities and Social Sciences', 2, 2),
('62', 'Media and Information Literacy', 'Grade 12', 'Science, Technology, Engineering, and Mathematics', 2, 2),
('63', 'Physical Education and Health 4', 'Grade 12', 'Accountancy, Business and Management', 2, 2),
('64', 'Physical Education and Health 4', 'Grade 12', 'Humanities and Social Sciences', 2, 2),
('65', 'Physical Education and Health 4', 'Grade 12', 'Science, Technology, Engineering, and Mathematics', 2, 2),
('66', 'Practical Research 2', 'Grade 11', 'Accountancy, Business and Management', 2, 2),
('67', 'Practical Research 2', 'Grade 11', 'Humanities and Social Sciences', 2, 2),
('68', 'Practical Research 2', 'Grade 11', 'Science, Technology, Engineering, and Mathematics', 2, 2),
('69', 'Entrepreneurship', 'Grade 12', 'Accountancy, Business and Management', 2, 1),
('70', 'Entrepreneurship', 'Grade 12', 'Humanities and Social Sciences', 2, 1),
('71', 'Entrepreneurship', 'Grade 12', 'Science, Technology, Engineering, and Mathematics', 2, 1),
('72', 'Inquiries, Investigations and Immersion', 'Grade 12', 'Humanities and Social Sciences', 2, 1),
('73', 'Inquiries, Investigations and Immersion', 'Grade 12', 'Accountancy, Business and Management', 2, 1),
('74', 'Inquiries, Investigations and Immersion', 'Grade 12', 'Science, Technology, Engineering, and Mathematics', 2, 1),
('75', 'Physical Education and Health 2', 'Grade 11', 'Accountancy, Business and Management', 2, 2),
('76', 'Komunikasyon at Pananaliksik sa Wika at Kulturang Filipino', 'Grade 11', 'Accountancy, Business and Management', 2, 1),
('77', 'General Mathematics', 'Grade 11', 'Accountancy, Business and Management', 2, 1),
('78', 'General Mathematics', 'Grade 11', 'Humanities and Social Sciences', 2, 1),
('79', 'General Mathematics', 'Grade 11', 'Science, Technology, Engineering, and Mathematics', 2, 1),
('80', 'Earth and Life Science', 'Grade 11', 'Accountancy, Business and Management', 2, 1),
('81', 'Earth and Life Science', 'Grade 11', 'Humanities and Social Sciences', 2, 1),
('82', 'Earth and Life Science', 'Grade 11', 'Science, Technology, Engineering, and Mathematics', 2, 1),
('83', '21st Century Literature from the Philippines and the World', 'Grade 11', 'Accountancy, Business and Management', 2, 1),
('84', '21st Century Literature from the Philippines and the World', 'Grade 11', 'Humanities and Social Sciences', 2, 1),
('85', '21st Century Literature from the Philippines and the World', 'Grade 11', 'Science, Technology, Engineering, and Mathematics', 2, 1),
('86', 'Physical Education and Health 1', 'Grade 11', 'Accountancy, Business and Management', 2, 1),
('87', 'Physical Education and Health 1', 'Grade 11', 'Humanities and Social Sciences', 2, 1),
('88', 'Physical Education and Health 1', 'Grade 11', 'Science, Technology, Engineering, and Mathematics', 2, 1),
('89', 'Faith in the Light of the Epistles of Paul 2', 'Grade 11', 'Accountancy, Business and Management', 2, 2),
('90', 'Faith in the Light of the Epistles of Paul 2', 'Grade 11', 'Humanities and Social Sciences', 2, 2),
('91', 'Faith in the Light of the Epistles of Paul 2', 'Grade 11', 'Science, Technology, Engineering, and Mathematics', 2, 2),
('92', 'Reading and Writing Skills', 'Grade 11', 'Accountancy, Business and Management', 2, 2),
('93', 'Reading and Writing Skills', 'Grade 11', 'Humanities and Social Sciences', 2, 2),
('94', 'Reading and Writing Skills', 'Grade 11', 'Science, Technology, Engineering, and Mathematics', 2, 1),
('95', 'Pagbasa at Pagsusuri ng Iba\'t ibang Teksto Tungo sa Pananaliksik', 'Grade 11', 'Accountancy, Business and Management', 2, 2),
('96', 'Pagbasa at Pagsusuri ng Iba\'t ibang Teksto Tungo sa Pananaliksik', 'Grade 11', 'Humanities and Social Sciences', 2, 2),
('97', 'Pagbasa at Pagsusuri ng Iba\'t ibang Teksto Tungo sa Pananaliksik', 'Grade 11', 'Science, Technology, Engineering, and Mathematics', 2, 2),
('98', 'Statistics and Probability', 'Grade 11', 'Accountancy, Business and Management', 2, 2),
('99', 'Statistics and Probability', 'Grade 11', 'Humanities and Social Sciences', 2, 2),
('100', 'Statistics and Probability', 'Grade 11', 'Science, Technology, Engineering, and Mathematics', 2, 2),
('101', 'Physical Science', 'Grade 11', 'Accountancy, Business and Management', 2, 2),
('102', 'Physical Science', 'Grade 11', 'Humanities and Social Sciences', 2, 2),
('103', 'Personal Development', 'Grade 11', 'Accountancy, Business and Management', 2, 2),
('104', 'Personal Development', 'Grade 11', 'Humanities and Social Sciences', 2, 2),
('105', 'Personal Development', 'Grade 11', 'Science, Technology, Engineering, and Mathematics', 2, 2),
('106', 'Physical Education and Health 2', 'Grade 11', 'Humanities and Social Sciences', 2, 2),
('107', 'Physical Education and Health 2', 'Grade 11', 'Science, Technology, Engineering, and Mathematics', 2, 2),
('108', 'Empowerment Technologies', 'Grade 11', 'Accountancy, Business and Management', 2, 1),
('109', 'Empowerment Technologies', 'Grade 11', 'Humanities and Social Sciences', 2, 1),
('110', 'Empowerment Technologies', 'Grade 11', 'Science, Technology, Engineering, and Mathematics', 2, 1),
('111', 'Practical Research 1', 'Grade 11', 'Accountancy, Business and Management', 2, 1),
('112', 'Practical Research 1', 'Grade 11', 'Humanities and Social Sciences', 2, 1),
('113', 'Practical Research 1', 'Grade 11', 'Science, Technology, Engineering, and Mathematics', 2, 1),
('114', 'English for Academic and Professional Purposes', 'Grade 11', 'Accountancy, Business and Management', 2, 2),
('115', 'English for Academic and Professional Purposes', 'Grade 11', 'Humanities and Social Sciences', 2, 2),
('116', 'English for Academic and Professional Purposes', 'Grade 11', 'Science, Technology, Engineering, and Mathematics', 2, 2),
('117', 'Pagsulat sa Filipino sa Piling Larangan (Akademik)', 'Grade 12', 'Accountancy, Business and Management', 2, 2),
('118', 'Pagsulat sa Filipino sa Piling Larangan (Akademik)', 'Grade 12', 'Humanities and Social Sciences', 2, 2),
('119', 'Pagsulat sa Filipino sa Piling Larangan (Akademik)', 'Grade 12', 'Science, Technology, Engineering, and Mathematics', 2, 2),
('120', 'Theology of the Body', 'Grade 12', 'Accountancy, Business and Management', 2, 2),
('121', 'Theology of the Body', 'Grade 12', 'Humanities and Social Sciences', 2, 1),
('122', 'Theology of the Body', 'Grade 12', 'Science, Technology, Engineering, and Mathematics', 2, 1),
('123', 'Introduction to Philosophy of the Human Person', 'Grade 12', 'Accountancy, Business and Management', 2, 1),
('124', 'Introduction to Philosophy of the Human Person', 'Grade 12', 'Humanities and Social Sciences', 2, 1),
('125', 'Introduction to Philosophy of the Human Person', 'Grade 12', 'Science, Technology, Engineering, and Mathematics', 2, 1),
('126', 'Philippine Politics and Governance', 'Grade 11', 'Humanities and Social Sciences', 3, 1),
('127', 'Discipline and Ideas in Social Sciences', 'Grade 11', 'Humanities and Social Sciences', 3, 1),
('128', 'Intro to World Religions and Belief System', 'Grade 11', 'Humanities and Social Sciences', 3, 2),
('129', 'Discipline and Ideas in Applied Social Science', 'Grade 11', 'Humanities and Social Sciences', 3, 2),
('130', 'Community Engagement, Solidarity and Citizenship', 'Grade 12', 'Humanities and Social Sciences', 3, 1),
('131', 'Creative Writing', 'Grade 12', 'Humanities and Social Sciences', 3, 1),
('132', 'Trends, Networks and Critical Thinking in the 21st Century Culture', 'Grade 12', 'Humanities and Social Sciences', 3, 2),
('133', 'Creative Non-Fiction', 'Grade 12', 'Humanities and Social Sciences', 3, 2),
('134', 'Work Immersion/Culminating Activity', 'Grade 12', 'Humanities and Social Sciences', 3, 2),
('135', 'Pre-Calculus', 'Grade 11', 'Science, Technology, Engineering, and Mathematics', 3, 1),
('136', 'General Biology 1', 'Grade 11', 'Science, Technology, Engineering, and Mathematics', 3, 2),
('137', 'Basic Calculus', 'Grade 11', 'Science, Technology, Engineering, and Mathematics', 3, 2),
('138', 'General Biology 2', 'Grade 11', 'Science, Technology, Engineering, and Mathematics', 3, 2),
('139', 'General Physics 1', 'Grade 12', 'Science, Technology, Engineering, and Mathematics', 3, 1),
('140', 'General Chemistry 1', 'Grade 12', 'Science, Technology, Engineering, and Mathematics', 3, 1),
('141', 'General Physics 2', 'Grade 12', 'Science, Technology, Engineering, and Mathematics', 3, 2),
('142', 'General Chemistry 2', 'Grade 12', 'Science, Technology, Engineering, and Mathematics', 3, 2),
('143', 'Work Immersion/Capstone Project', 'Grade 12', 'Science, Technology, Engineering, and Mathematics', 3, 2),
('144', 'Reading and Literacy 1', 'Grade 1', 'Grade 1', 1, NULL),
('145', 'Reading and Literacy 2', 'Grade 2', 'Grade 2', 1, NULL),
('146', 'Reading and Literacy 3', 'Grade 3', 'Grade 3', 1, NULL),
('147', 'Reading and Literacy', 'Grade 4', 'Grade 4', 1, NULL),
('148', 'Reading and Literacy', 'Grade 5', 'Grade 5', 1, NULL),
('149', 'Reading and Literacy', 'Grade 6', 'Grade 6', 1, NULL),
('150', 'Reading and Literacy', 'Grade 7', 'Grade 7', 1, NULL),
('151', 'Reading and Literacy', 'Grade 8', 'Grade 8', 1, NULL),
('152', 'Reading and Literacy', 'Grade 9', 'Grade 9', 1, NULL),
('153', 'Reading and Literacy', 'Grade 10', 'Grade 10', 1, NULL),
('154', 'Language 1', 'Grade 1', 'Grade 1', 3, NULL),
('155', 'Mathematics 1', 'Grade 1', 'Grade 1', 4, NULL),
('156', 'Christian Living Education 1', 'Grade 1', 'Grade 1', 3, NULL),
('157', 'Makabansa 1', 'Grade 1', 'Grade 1', 3, NULL),
('158', 'Computer 1', 'Grade 1', 'Grade 1', 1, NULL),
('159', 'Paulinian Writing 1', 'Grade 1', 'Grade 1', 1, NULL),
('160', 'Filipino 2', 'Grade 2', 'Grade 2', 3, NULL),
('161', 'English 2', 'Grade 2', 'Grade 2', 3, NULL),
('162', 'Mathematics 2', 'Grade 2', 'Grade 2', 4, NULL),
('163', 'Araling Panlipunan 2', 'Grade 2', 'Grade 2', 3, NULL),
('164', 'Christian Living Education 2', 'Grade 2', 'Grade 2', 3, NULL),
('165', 'MAPEH 2', 'Grade 2', 'Grade 2', 3, NULL),
('166', 'Computer 2', 'Grade 2', 'Grade 2', 1, NULL),
('167', 'Paulinian Writing 2', 'Grade 2', 'Grade 2', 1, NULL),
('168', 'Filipino 3', 'Grade 3', 'Grade 3', 3, NULL),
('169', 'English 3', 'Grade 3', 'Grade 3', 3, NULL),
('170', 'Mathematics 3', 'Grade 3', 'Grade 3', 4, NULL),
('171', 'Science & Health 3', 'Grade 3', 'Grade 3', 3, NULL),
('172', 'Araling Panlipunan 3', 'Grade 3', 'Grade 3', 3, NULL),
('173', 'Christian Living Education 3', 'Grade 3', 'Grade 3', 3, NULL),
('174', 'MAPEH 3', 'Grade 3', 'Grade 3', 3, NULL),
('175', 'Computer 3', 'Grade 3', 'Grade 3', 1, NULL),
('176', 'Paulinian Writing 3', 'Grade 3', 'Grade 3', 1, NULL),
('177', 'Filipino', 'Grade 4', 'Grade 4', 3, NULL),
('178', 'English', 'Grade 4', 'Grade 4', 4, NULL),
('179', 'Mathematics', 'Grade 4', 'Grade 4', 4, NULL),
('180', 'Science & Health', 'Grade 4', 'Grade 4', 4, NULL),
('181', 'Christian Living Education', 'Grade 4', 'Grade 4', 3, NULL),
('182', 'MAPEH', 'Grade 4', 'Grade 4', 3, NULL),
('183', 'Computer', 'Grade 4', 'Grade 4', 2, NULL),
('184', 'HELE', 'Grade 4', 'Grade 4', 2, NULL),
('185', 'Araling Panlipunan', 'Grade 4', 'Grade 4', 3, NULL),
('186', 'Filipino', 'Grade 5', 'Grade 5', 3, NULL),
('187', 'English', 'Grade 5', 'Grade 5', 3, NULL),
('188', 'Mathematics', 'Grade 5', 'Grade 5', 4, NULL),
('189', 'Science & Health', 'Grade 5', 'Grade 5', 3, NULL),
('190', 'Araling Panlipunan', 'Grade 5', 'Grade 5', 3, NULL),
('191', 'Christian Living Education', 'Grade 5', 'Grade 5', 3, NULL),
('192', 'MAPEH', 'Grade 5', 'Grade 5', 3, NULL),
('193', 'Computer', 'Grade 5', 'Grade 5', 2, NULL),
('194', 'HELE', 'Grade 5', 'Grade 5', 2, NULL),
('195', 'Filipino', 'Grade 6', 'Grade 6', 3, NULL),
('196', 'English', 'Grade 6', 'Grade 6', 3, NULL),
('197', 'Mathematics', 'Grade 6', 'Grade 6', 4, NULL),
('198', 'Science & Health', 'Grade 6', 'Grade 6', 3, NULL),
('199', 'Christian Living Education', 'Grade 6', 'Grade 6', 3, NULL),
('200', 'MAPEH', 'Grade 6', 'Grade 6', 3, NULL),
('201', 'Computer', 'Grade 6', 'Grade 6', 2, NULL),
('202', 'HELE', 'Grade 6', 'Grade 6', 2, NULL),
('203', 'Christian Living Education', 'Toddler', 'Toddler', 1, NULL),
('204', 'Language and Spelling', 'Toddler', 'Toddler', 1, NULL),
('205', 'Number Readiness', 'Toddler', 'Toddler', 1, NULL),
('206', 'Reading Readiness', 'Toddler', 'Toddler', 1, NULL),
('207', 'Christian Living Education', 'Nursery', 'Nursery', 2, NULL),
('208', 'Language and Spelling', 'Nursery', 'Nursery', 2, NULL),
('209', 'Number Readiness', 'Nursery', 'Nursery', 2, NULL),
('210', 'Reading Readiness', 'Nursery', 'Nursery', 2, NULL),
('211', 'Christian Living Education', 'Kinder', 'Kinder', 2, NULL),
('212', 'Language and Spelling', 'Kinder', 'Kinder', 2, NULL),
('213', 'Reading Readiness', 'Kinder', 'Kinder', 2, NULL),
('214', 'Robotics 11', 'Grade 11', 'Science, Technology, Engineering, and Mathematics', 1, 1),
('215', 'Robotics 12', 'Grade 12', 'Science, Technology, Engineering, and Mathematics', 1, 1),
('216', 'Araling Panlipunan', 'Grade 6', 'Grade 6', 3, NULL),
('217', 'Robotics 7', 'Grade 7', 'Grade 7', 1, NULL),
('218', 'Faith in the Light of the Epistles of Paul 1', 'Humanities and Social Sciences', 'Grade 11', 2, 1),
('220', 'Robotics 8', 'Grade 8', 'Grade 8', 1, NULL),
('221', 'Robotics 9', 'Grade 9', 'Grade 9', 1, NULL),
('222', 'Robotics 10', 'Grade 10', 'Grade 10', 1, NULL),
('225', 'Oral Communication', 'Grade 11', 'Accountancy, Business and Management', 2, 1),
('226', 'ICT', 'Grade 10', 'Grade 10', 2, NULL),
('227', 'ICT', 'Grade 7', 'Grade 7', 2, NULL),
('228', 'ICT', 'Grade 9', 'Grade 9', 2, NULL),
('229', 'ICT', 'Grade 8', 'Grade 8', 2, NULL),
('232', 'Robotics 11', 'Grade 11', 'Accountancy, Business and Management', 1, 1),
('233', 'Robotics 11', 'Grade 11', 'Humanities and Social Sciences', 1, 1),
('234', 'Robotics 12', 'Grade 12', 'Accountancy, Business and Management', 1, 1),
('235', 'Robotics 12', 'Grade 12', 'Humanities and Social Sciences', 1, 1),
('236', 'Robotics 4', 'Grade 4', 'Grade 4', 1, NULL),
('237', 'Robotics 4', 'Grade 5', 'Grade 5', 1, NULL),
('238', 'Robotics 6', 'Grade 6', 'Grade 6', 1, NULL),
('239', 'DRRR', 'Grade 11', 'Science, Technology, Engineering, and Mathematics', 2, 2),
('240', 'Inquiries, Investigations and Immersion (2nd Semester)', 'Grade 12', 'Accountancy, Business and Management', 2, 2),
('241', 'Inquiries, Investigations and Immersion (2nd Semester)', 'Grade 12', 'Science, Technology, Engineering, and Mathematics', 2, 2),
('242', 'Inquiries, Investigations and Immersion (2nd Semester)', 'Grade 12', 'Humanities and Social Sciences', 2, 2);

-- --------------------------------------------------------

--
-- Table structure for table `teachers`
--

DROP TABLE IF EXISTS `teachers`;
CREATE TABLE IF NOT EXISTS `teachers` (
  `teacher_id` varchar(10) NOT NULL,
  `teacher_name` varchar(100) DEFAULT NULL,
  `subject_code` varchar(20) DEFAULT NULL,
  `section_advisory` varchar(100) DEFAULT NULL,
  PRIMARY KEY (`teacher_id`)
) ENGINE=MyISAM DEFAULT CHARSET=utf8mb4 COLLATE=utf8mb4_general_ci;

--
-- Dumping data for table `teachers`
--

INSERT INTO `teachers` (`teacher_id`, `teacher_name`, `subject_code`, `section_advisory`) VALUES
('T001', 'Esquilona', '1, 2, 3, 4', 'ST. AGATHA'),
('T002', 'Ignacio', '5, 6, 7, 8', 'ST. ALOYSIUS GONZAGA'),
('T003', 'Cabique', '9, 10, 11, 12', 'ST. CECILIA'),
('T026', 'Ramirez', '13, 14, 15, 16', 'ST. CHRISTOPHER'),
('T027', 'Esquilona', '17, 18, 19, 20', 'ST. PATRICK'),
('T028', 'Ballesteros', '21, 22, 23, 24', 'ST. ANTHONY OF PADUA'),
('T029', 'Layag', '25, 26, 27, 28', 'ST. JUSTIN'),
('T030', 'Gumabon', '29, 30, 31, 32', 'ST. FRANCIS XAVIER'),
('T031', 'Alonzo', '33, 34, 35, 36', 'ST. LUKE'),
('T032', 'Binaluyo', '37, 38, 39, 40', 'ST. ANNE'),
('T033', 'Napili', '41, 42, 43, 44', 'ST. CAMILLUS DE LELLIS'),
('T034', 'Alde', '45, 46, 47, 48', 'ST. MARTIN DE PORRES'),
('T035', 'Alejo', '49, 50, 51, 52', 'ST. TERESA OF CALCUTTA'),
('T036', 'Lati', '53, 54, 55, 56', 'ST. PADRE PIO'),
('T037', 'Orolaza', '57, 58, 59, 60', 'ST. BLASÉ'),
('T038', 'Tabones', '61, 62, 63, 64', 'ST. LAWRENCE'),
('T039', 'Dela Cruz', '65, 66, 67, 68', 'ST. ROCH'),
('T040', 'Dinapo', '69, 70, 71, 72', 'ST. FRANCIS OF ASSISI'),
('T004', 'Paulo', '33, 37, 39, 44', 'ABM-12A - OUR LADY OF PEACE & GOOD VOYAGE'),
('T005', 'Fernandez', '35, 40, 45, 49', 'HUMSS-12A - OUR LADY OF THE PILLAR'),
('T006', 'Bartolome', '34, 36, 41, 43', 'STEM-12A - OUR LADY OF MANAOAG'),
('T007', 'Bacani', '50, 52, 53, 55', 'STEM-12B - OUR LADY OF PIAT'),
('T008', 'Laguidao', '56, 57, 58, 59', 'STEM-12C - OUR LADY OF PENAFRANCIA'),
('T009', 'Bognalos', '70, 72, 73, 240', 'STEM-12D - OUR LADY OF CHARITY'),
('T010', 'Millano', '239, 241, 242', 'ABM-11A - OUR LADY OF LA NAVAL'),
('T011', 'Evarola', '240, 241', 'HUMSS-11A - OUR LADY OF CANDELARIA'),
('T012', 'Noriega', '42, 45, 47, 50', 'STEM-11A - OUR LADY MARY HELP OF CHRISTIAN'),
('T065', 'Royeca', '203, 204, 205, 206', 'ST. JOHN THE BAPTIST'),
('T066', 'Vallesteros', '207, 208, 209, 210', 'ST. LORENZO RUIZ'),
('T067', 'Dela Peña', '211, 212, 213', 'ST. MAXIMILIAN KOLBE'),
('T068', 'Obedoza', '53, 54, 55, 56', 'ST. PEDRO CALUNGSOD'),
('T069', 'Fernando', '57, 58, 59, 60', 'ST. SEBASTIAN'),
('T070', 'Acebes', '61, 62, 63, 64', 'ST. AUGUSTINE'),
('T071', 'Berza', '65, 66, 67, 68', 'ST. AMBROSE'),
('T072', 'Maniba', '69, 70, 71, 72', 'ST. ANSELM'),
('T073', 'Bacongallo', '73, 239, 240', 'ST. BONAVENTURE'),
('T074', 'Cabrera', '241, 242', 'ST. CATHERINE OF SIENA'),
('T075', 'Valdez', '203, 204, 205, 206', 'ST. JEROME'),
('T076', 'Morales', '207, 208, 209, 210', 'ST. JOHN PAUL II'),
('T077', 'Abanto', '211, 212, 213', 'ST. ALPHONSUS DE LIGOURI');

-- --------------------------------------------------------

--
-- Table structure for table `teacher_subjects`
--

DROP TABLE IF EXISTS `teacher_subjects`;
CREATE TABLE IF NOT EXISTS `teacher_subjects` (
  `id` int(11) NOT NULL AUTO_INCREMENT,
  `teacher_id` varchar(10) DEFAULT NULL,
  `subject_code` varchar(20) DEFAULT NULL,
  PRIMARY KEY (`id`),
  KEY `teacher_id` (`teacher_id`),
  KEY `subject_code` (`subject_code`)
) ENGINE=MyISAM AUTO_INCREMENT=243 DEFAULT CHARSET=utf8mb4 COLLATE=utf8mb4_general_ci;

--
-- Dumping data for table `teacher_subjects`
--

INSERT INTO `teacher_subjects` (`id`, `teacher_id`, `subject_code`) VALUES
(1, 'T001', '1'),
(2, 'T002', '10'),
(3, 'T003', '100'),
(4, 'T004', '101'),
(5, 'T005', '102'),
(6, 'T006', '103'),
(7, 'T007', '104'),
(8, 'T008', '105'),
(9, 'T009', '106'),
(10, 'T010', '107'),
(11, 'T011', '108'),
(12, 'T012', '109'),
(13, 'T026', '11'),
(14, 'T027', '110'),
(15, 'T028', '111'),
(16, 'T029', '112'),
(17, 'T030', '113'),
(18, 'T031', '114'),
(19, 'T032', '115'),
(20, 'T033', '116'),
(21, 'T034', '117'),
(22, 'T035', '118'),
(23, 'T036', '119'),
(24, 'T037', '12'),
(25, 'T038', '120'),
(26, 'T039', '121'),
(27, 'T040', '122'),
(28, 'T065', '123'),
(29, 'T066', '124'),
(30, 'T067', '125'),
(31, 'T068', '126'),
(32, 'T069', '127'),
(33, 'T070', '128'),
(34, 'T071', '129'),
(35, 'T072', '13'),
(36, 'T073', '130'),
(37, 'T074', '131'),
(38, 'T075', '132'),
(39, 'T076', '133'),
(40, 'T077', '134'),
(41, 'T001', '135'),
(42, 'T002', '136'),
(43, 'T003', '137'),
(44, 'T004', '138'),
(45, 'T005', '139'),
(46, 'T006', '14'),
(47, 'T007', '140'),
(48, 'T008', '141'),
(49, 'T009', '142'),
(50, 'T010', '143'),
(51, 'T011', '144'),
(52, 'T012', '145'),
(53, 'T026', '146'),
(54, 'T027', '147'),
(55, 'T028', '148'),
(56, 'T029', '149'),
(57, 'T030', '15'),
(58, 'T031', '150'),
(59, 'T032', '151'),
(60, 'T033', '152'),
(61, 'T034', '153'),
(62, 'T035', '154'),
(63, 'T036', '155'),
(64, 'T037', '156'),
(65, 'T038', '157'),
(66, 'T039', '158'),
(67, 'T040', '159'),
(68, 'T065', '16'),
(69, 'T066', '160'),
(70, 'T067', '161'),
(71, 'T068', '162'),
(72, 'T069', '163'),
(73, 'T070', '164'),
(74, 'T071', '165'),
(75, 'T072', '166'),
(76, 'T073', '167'),
(77, 'T074', '168'),
(78, 'T075', '169'),
(79, 'T076', '17'),
(80, 'T077', '170'),
(81, 'T001', '171'),
(82, 'T002', '172'),
(83, 'T003', '173'),
(84, 'T004', '174'),
(85, 'T005', '175'),
(86, 'T006', '176'),
(87, 'T007', '177'),
(88, 'T008', '178'),
(89, 'T009', '179'),
(90, 'T010', '18'),
(91, 'T011', '180'),
(92, 'T012', '181'),
(93, 'T026', '182'),
(94, 'T027', '183'),
(95, 'T028', '184'),
(96, 'T029', '185'),
(97, 'T030', '186'),
(98, 'T031', '187'),
(99, 'T032', '188'),
(100, 'T033', '189'),
(101, 'T034', '19'),
(102, 'T035', '190'),
(103, 'T036', '191'),
(104, 'T037', '192'),
(105, 'T038', '193'),
(106, 'T039', '194'),
(107, 'T040', '195'),
(108, 'T065', '196'),
(109, 'T066', '197'),
(110, 'T067', '198'),
(111, 'T068', '199'),
(112, 'T069', '2'),
(113, 'T070', '20'),
(114, 'T071', '200'),
(115, 'T072', '201'),
(116, 'T073', '202'),
(117, 'T074', '203'),
(118, 'T075', '204'),
(119, 'T076', '205'),
(120, 'T077', '206'),
(121, 'T001', '207'),
(122, 'T002', '208'),
(123, 'T003', '209'),
(124, 'T004', '21'),
(125, 'T005', '210'),
(126, 'T006', '211'),
(127, 'T007', '212'),
(128, 'T008', '213'),
(129, 'T009', '214'),
(130, 'T010', '215'),
(131, 'T011', '216'),
(132, 'T012', '217'),
(133, 'T026', '218'),
(134, 'T027', '219'),
(135, 'T028', '22'),
(136, 'T029', '220'),
(137, 'T030', '221'),
(138, 'T031', '222'),
(139, 'T032', '223'),
(140, 'T033', '224'),
(141, 'T034', '225'),
(142, 'T035', '226'),
(143, 'T036', '227'),
(144, 'T037', '228'),
(145, 'T038', '229'),
(146, 'T039', '23'),
(147, 'T040', '230'),
(148, 'T065', '231'),
(149, 'T066', '232'),
(150, 'T067', '233'),
(151, 'T068', '234'),
(152, 'T069', '235'),
(153, 'T070', '236'),
(154, 'T071', '237'),
(155, 'T072', '238'),
(156, 'T073', '239'),
(157, 'T074', '24'),
(158, 'T075', '240'),
(159, 'T076', '241'),
(160, 'T077', '242'),
(161, 'T001', '25'),
(162, 'T002', '26'),
(163, 'T003', '27'),
(164, 'T004', '28'),
(165, 'T005', '29'),
(166, 'T006', '3'),
(167, 'T007', '30'),
(168, 'T008', '31'),
(169, 'T009', '32'),
(170, 'T010', '33'),
(171, 'T011', '34'),
(172, 'T012', '35'),
(173, 'T026', '36'),
(174, 'T027', '37'),
(175, 'T028', '38'),
(176, 'T029', '39'),
(177, 'T030', '4'),
(178, 'T031', '40'),
(179, 'T032', '41'),
(180, 'T033', '42'),
(181, 'T034', '43'),
(182, 'T035', '44'),
(183, 'T036', '45'),
(184, 'T037', '46'),
(185, 'T038', '47'),
(186, 'T039', '48'),
(187, 'T040', '49'),
(188, 'T065', '5'),
(189, 'T066', '50'),
(190, 'T067', '51'),
(191, 'T068', '52'),
(192, 'T069', '53'),
(193, 'T070', '54'),
(194, 'T071', '55'),
(195, 'T072', '56'),
(196, 'T073', '57'),
(197, 'T074', '58'),
(198, 'T075', '59'),
(199, 'T076', '6'),
(200, 'T077', '60'),
(201, 'T001', '61'),
(202, 'T002', '62'),
(203, 'T003', '63'),
(204, 'T004', '64'),
(205, 'T005', '65'),
(206, 'T006', '66'),
(207, 'T007', '67'),
(208, 'T008', '68'),
(209, 'T009', '69'),
(210, 'T010', '7'),
(211, 'T011', '70'),
(212, 'T012', '71'),
(213, 'T026', '72'),
(214, 'T027', '73'),
(215, 'T028', '74'),
(216, 'T029', '75'),
(217, 'T030', '76'),
(218, 'T031', '77'),
(219, 'T032', '78'),
(220, 'T033', '79'),
(221, 'T034', '8'),
(222, 'T035', '80'),
(223, 'T036', '81'),
(224, 'T037', '82'),
(225, 'T038', '83'),
(226, 'T039', '84'),
(227, 'T040', '85'),
(228, 'T065', '86'),
(229, 'T066', '87'),
(230, 'T067', '88'),
(231, 'T068', '89'),
(232, 'T069', '9'),
(233, 'T070', '90'),
(234, 'T071', '91'),
(235, 'T072', '92'),
(236, 'T073', '93'),
(237, 'T074', '94'),
(238, 'T075', '95'),
(239, 'T076', '96'),
(240, 'T077', '97'),
(241, 'T001', '98'),
(242, 'T002', '99');

-- --------------------------------------------------------

--
-- Stand-in structure for view `viewview`
-- (See below for the actual view)
--
DROP VIEW IF EXISTS `teacher_subjects_view`;
CREATE TABLE IF NOT EXISTS `teacher_subjects_view` (
`id` int(11)
,`teacher_id` varchar(10)
,`teacher_name` varchar(100)
,`subject_code` varchar(20)
,`subject_name` varchar(255)
,`year_level` varchar(50)
,`program` varchar(255)
,`lecture_hours` int(11)
);

-- --------------------------------------------------------

--
-- Table structure for table `time_slots`
--

DROP TABLE IF EXISTS `time_slots`;
CREATE TABLE IF NOT EXISTS `time_slots` (
  `time_slot_id` varchar(10) NOT NULL,
  `day` varchar(10) DEFAULT NULL,
  `start_time` time DEFAULT NULL,
  `end_time` time DEFAULT NULL,
  PRIMARY KEY (`time_slot_id`)
) ENGINE=MyISAM DEFAULT CHARSET=utf8mb4 COLLATE=utf8mb4_general_ci;

--
-- Dumping data for table `time_slots`
--

INSERT INTO `time_slots` (`time_slot_id`, `day`, `start_time`, `end_time`) VALUES
('GS_TS001', 'Monday', '07:30:00', '08:30:00'),
('GS_TS002', 'Monday', '08:30:00', '09:30:00'),
('GS_TS003', 'Monday', '09:30:00', '10:00:00'),
('GS_TS004', 'Monday', '10:00:00', '11:00:00'),
('GS_TS005', 'Monday', '11:00:00', '12:00:00'),
('GS_TS006', 'Monday', '12:00:00', '13:00:00'),
('GS_TS007', 'Monday', '13:00:00', '14:00:00'),
('GS_TS008', 'Monday', '14:00:00', '15:00:00'),
('GS_TS009', 'Monday', '15:00:00', '16:00:00'),
('GS_TS010', 'Monday', '16:00:00', '17:00:00'),
('GS_TS011', 'Tuesday', '07:30:00', '08:30:00'),
('GS_TS012', 'Tuesday', '08:30:00', '09:30:00'),
('GS_TS013', 'Tuesday', '09:30:00', '10:00:00'),
('GS_TS014', 'Tuesday', '10:00:00', '11:00:00'),
('GS_TS015', 'Tuesday', '11:00:00', '12:00:00'),
('GS_TS016', 'Tuesday', '12:00:00', '13:00:00'),
('GS_TS017', 'Tuesday', '13:00:00', '14:00:00'),
('GS_TS018', 'Tuesday', '14:00:00', '15:00:00'),
('GS_TS019', 'Tuesday', '15:00:00', '16:00:00'),
('GS_TS020', 'Tuesday', '16:00:00', '17:00:00'),
('GS_TS021', 'Wednesday', '07:30:00', '08:30:00'),
('GS_TS022', 'Wednesday', '08:30:00', '09:30:00'),
('GS_TS023', 'Wednesday', '09:30:00', '10:00:00'),
('GS_TS024', 'Wednesday', '10:00:00', '11:00:00'),
('GS_TS025', 'Wednesday', '11:00:00', '12:00:00'),
('GS_TS026', 'Wednesday', '12:00:00', '13:00:00'),
('GS_TS027', 'Wednesday', '13:00:00', '14:00:00'),
('GS_TS028', 'Wednesday', '14:00:00', '15:00:00'),
('GS_TS029', 'Wednesday', '15:00:00', '16:00:00'),
('GS_TS030', 'Wednesday', '16:00:00', '17:00:00'),
('GS_TS031', 'Thursday', '07:30:00', '08:30:00'),
('GS_TS032', 'Thursday', '08:30:00', '09:30:00'),
('GS_TS033', 'Thursday', '09:30:00', '10:00:00'),
('GS_TS034', 'Thursday', '10:00:00', '11:00:00'),
('GS_TS035', 'Thursday', '11:00:00', '12:00:00'),
('GS_TS036', 'Thursday', '12:00:00', '13:00:00'),
('GS_TS037', 'Thursday', '13:00:00', '14:00:00'),
('GS_TS038', 'Thursday', '14:00:00', '15:00:00'),
('GS_TS039', 'Thursday', '15:00:00', '16:00:00'),
('GS_TS040', 'Thursday', '16:00:00', '17:00:00'),
('GS_TS041', 'Friday', '07:30:00', '08:30:00'),
('GS_TS042', 'Friday', '08:30:00', '09:30:00'),
('GS_TS043', 'Friday', '09:30:00', '10:00:00'),
('GS_TS044', 'Friday', '10:00:00', '11:00:00'),
('GS_TS045', 'Friday', '11:00:00', '12:00:00'),
('GS_TS046', 'Friday', '12:00:00', '13:00:00'),
('GS_TS047', 'Friday', '13:00:00', '14:00:00'),
('GS_TS048', 'Friday', '14:00:00', '15:00:00'),
('GS_TS049', 'Friday', '15:00:00', '16:00:00'),
('GS_TS050', 'Friday', '16:00:00', '17:00:00'),
('GS_TS051', 'Saturday', '07:30:00', '08:30:00'),
('GS_TS052', 'Saturday', '08:30:00', '09:30:00'),
('GS_TS053', 'Saturday', '09:30:00', '10:00:00'),
('GS_TS054', 'Saturday', '10:00:00', '11:00:00'),
('GS_TS055', 'Saturday', '11:00:00', '12:00:00'),
('GS_TS056', 'Saturday', '12:00:00', '13:00:00'),
('GS_TS057', 'Saturday', '13:00:00', '14:00:00'),
('GS_TS058', 'Saturday', '14:00:00', '15:00:00'),
('GS_TS059', 'Saturday', '15:00:00', '16:00:00'),
('GS_TS060', 'Saturday', '16:00:00', '17:00:00'),
('HS_TS001', 'Monday', '07:30:00', '08:30:00'),
('HS_TS002', 'Monday', '08:30:00', '09:30:00'),
('HS_TS003', 'Monday', '09:30:00', '10:30:00'),
('HS_TS004', 'Monday', '10:30:00', '11:00:00'),
('HS_TS005', 'Monday', '11:00:00', '12:00:00'),
('HS_TS006', 'Monday', '12:00:00', '13:00:00'),
('HS_TS007', 'Monday', '13:00:00', '14:00:00'),
('HS_TS008', 'Monday', '14:00:00', '15:00:00'),
('HS_TS009', 'Monday', '15:00:00', '16:00:00'),
('HS_TS010', 'Monday', '16:00:00', '17:00:00'),
('HS_TS011', 'Tuesday', '07:30:00', '08:30:00'),
('HS_TS012', 'Tuesday', '08:30:00', '09:30:00'),
('HS_TS013', 'Tuesday', '09:30:00', '10:30:00'),
('HS_TS014', 'Tuesday', '10:30:00', '11:00:00'),
('HS_TS015', 'Tuesday', '11:00:00', '12:00:00'),
('HS_TS016', 'Tuesday', '12:00:00', '13:00:00'),
('HS_TS017', 'Tuesday', '13:00:00', '14:00:00'),
('HS_TS018', 'Tuesday', '14:00:00', '15:00:00'),
('HS_TS019', 'Tuesday', '15:00:00', '16:00:00'),
('HS_TS020', 'Tuesday', '16:00:00', '17:00:00'),
('HS_TS021', 'Wednesday', '07:30:00', '08:30:00'),
('HS_TS022', 'Wednesday', '08:30:00', '09:30:00'),
('HS_TS023', 'Wednesday', '09:30:00', '10:30:00'),
('HS_TS024', 'Wednesday', '10:30:00', '11:00:00'),
('HS_TS025', 'Wednesday', '11:00:00', '12:00:00'),
('HS_TS026', 'Wednesday', '12:00:00', '13:00:00'),
('HS_TS027', 'Wednesday', '13:00:00', '14:00:00'),
('HS_TS028', 'Wednesday', '14:00:00', '15:00:00'),
('HS_TS029', 'Wednesday', '15:00:00', '16:00:00'),
('HS_TS030', 'Wednesday', '16:00:00', '17:00:00'),
('HS_TS031', 'Thursday', '07:30:00', '08:30:00'),
('HS_TS032', 'Thursday', '08:30:00', '09:30:00'),
('HS_TS033', 'Thursday', '09:30:00', '10:30:00'),
('HS_TS034', 'Thursday', '10:30:00', '11:00:00'),
('HS_TS035', 'Thursday', '11:00:00', '12:00:00'),
('HS_TS036', 'Thursday', '12:00:00', '13:00:00'),
('HS_TS037', 'Thursday', '13:00:00', '14:00:00'),
('HS_TS038', 'Thursday', '14:00:00', '15:00:00'),
('HS_TS039', 'Thursday', '15:00:00', '16:00:00'),
('HS_TS040', 'Thursday', '16:00:00', '17:00:00'),
('HS_TS041', 'Friday', '07:30:00', '08:30:00'),
('HS_TS042', 'Friday', '08:30:00', '09:30:00'),
('HS_TS043', 'Friday', '09:30:00', '10:30:00'),
('HS_TS044', 'Friday', '10:30:00', '11:00:00'),
('HS_TS045', 'Friday', '11:00:00', '12:00:00'),
('HS_TS046', 'Friday', '12:00:00', '13:00:00'),
('HS_TS047', 'Friday', '13:00:00', '14:00:00'),
('HS_TS048', 'Friday', '14:00:00', '15:00:00'),
('HS_TS049', 'Friday', '15:00:00', '16:00:00'),
('HS_TS050', 'Friday', '16:00:00', '17:00:00'),
('HS_TS051', 'Saturday', '07:30:00', '08:30:00'),
('HS_TS052', 'Saturday', '08:30:00', '09:30:00'),
('HS_TS053', 'Saturday', '09:30:00', '10:30:00'),
('HS_TS054', 'Saturday', '10:30:00', '11:00:00'),
('HS_TS055', 'Saturday', '11:00:00', '12:00:00'),
('HS_TS056', 'Saturday', '12:00:00', '13:00:00'),
('HS_TS057', 'Saturday', '13:00:00', '14:00:00'),
('HS_TS058', 'Saturday', '14:00:00', '15:00:00'),
('HS_TS059', 'Saturday', '15:00:00', '16:00:00'),
('HS_TS060', 'Saturday', '16:00:00', '17:00:00');

-- --------------------------------------------------------

--
-- Stand-in structure for view `weekly_schedule`
-- (See below for the actual view)
--
DROP VIEW IF EXISTS `weekly_schedule`;
CREATE TABLE IF NOT EXISTS `weekly_schedule` (
`subject_code` varchar(10)
,`subject_name` varchar(255)
,`program` varchar(255)
,`year_level` varchar(50)
,`teacher_name` varchar(100)
,`room_name` varchar(50)
,`day` varchar(10)
,`start_time` time
,`end_time` time
);

-- --------------------------------------------------------

--
-- Structure for view `teacher_subjects_view`
--
DROP TABLE IF EXISTS `teacher_subjects_view`;

DROP VIEW IF EXISTS `teacher_subjects_view`;
CREATE ALGORITHM=UNDEFINED DEFINER=`root`@`localhost` SQL SECURITY DEFINER VIEW `teacher_subjects_view`  AS SELECT `ts`.`id` AS `id`, `ts`.`teacher_id` AS `teacher_id`, `t`.`teacher_name` AS `teacher_name`, `ts`.`subject_code` AS `subject_code`, `s`.`subject_name` AS `subject_name`, `s`.`year_level` AS `year_level`, `s`.`program` AS `program`, `s`.`lecture_hours` AS `lecture_hours` FROM ((`teacher_subjects` `ts` join `teachers` `t` on(`ts`.`teacher_id` = `t`.`teacher_id`)) join `subjects` `s` on(`ts`.`subject_code` = `s`.`subject_code`)) ;

-- --------------------------------------------------------

--
-- Structure for view `weekly_schedule`
--
DROP TABLE IF EXISTS `weekly_schedule`;

DROP VIEW IF EXISTS `weekly_schedule`;
CREATE ALGORITHM=UNDEFINED DEFINER=`root`@`localhost` SQL SECURITY DEFINER VIEW `weekly_schedule`  AS SELECT `s`.`subject_code` AS `subject_code`, `sub`.`subject_name` AS `subject_name`, `sub`.`program` AS `program`, `sub`.`year_level` AS `year_level`, `s`.`teacher_name` AS `teacher_name`, `s`.`room_name` AS `room_name`, `s`.`day` AS `day`, `s`.`start_time` AS `start_time`, `s`.`end_time` AS `end_time` FROM (`schedule` `s` join `subjects` `sub` on(`s`.`subject_code` = `sub`.`subject_code`)) ORDER BY `sub`.`program` ASC, `s`.`day` ASC, `s`.`start_time` ASC ;
COMMIT;

/*!40101 SET CHARACTER_SET_CLIENT=@OLD_CHARACTER_SET_CLIENT */;
/*!40101 SET CHARACTER_SET_RESULTS=@OLD_CHARACTER_SET_RESULTS */;
/*!40101 SET COLLATION_CONNECTION=@OLD_COLLATION_CONNECTION */;
